Team Number,Match,AC1T,AC1,AC2T,AC2,AC3T,AC3,AC4T,AC4,AARL,AARH,AAP,AAB,AM,TC1T,TC1,TC2T,TC2,TC3T,TC3,TC4T,TC4,TARL,TARH,TAP,TAB,EP,Auton Coral L 1,Auton Coral L 2,Auton Coral L3,Auton Coral L 4,Auton Algae Process,Auton Algae Barge,Auton Points,Teleop Coral L 1,Teleop Coral L2,Teleop Coral L3,Teleop Coral L4,Teleop Algae Barged,Teleop Algae Processed,Teleop Algae Barged HP,Parked Endgame,Teleop Points,% L1,% L2,% L3,% L4,Points Total,Deep Climb,Shallow Climb,Breaking,Auton Coral L1 Rate,Auton Coral L2 Rate,Auton Coral L3 Rate,Auton Coral L4 Rate,Defense,Teleop Coral L1 Rate,Teleop Coral L2 Rate,Teleop Coral L3 Rate,Teleop Coral L4 Rate,Auton Algae Removed,Algae Teleop Removed,Total Auton Coral Success,Total Teleop Coral Sucess,Algae Capability,Auton Coral Attempt,Teleop Coral Attempt
7038,59,0,0,0,0,0,0,0,0,0,0,0,0,1,0,0,0,0,0,0,0,0,0,0,0,0,1,FALSE,FALSE,FALSE,0,0,0,0,0,0,0,0,0,0,0,2,2,0%,0%,0%,0%,2,0,0,0,FALSE,FALSE,FALSE,FALSE,1,FALSE,FALSE,FALSE,FALSE,0,0,FALSE,FALSE,0,0,0
6318,59,0,0,0,0,0,0,0,0,0,0,0,0,1,0,1,4,0,4,1,1,0,0,0,0,0,1,FALSE,FALSE,FALSE,0,0,0,0,2,0,4,0,0,0,0,2,8,0%,44%,44%,11%,8,0,0,0,FALSE,FALSE,FALSE,FALSE,0,FALSE,0%,25%,0%,0,0,FALSE,2,0,0,9
3197,60,0,0,0,0,0,0,1,0,0,0,0,0,1,0,0,0,0,0,0,14,11,1,0,0,0,1,FALSE,FALSE,FALSE,0,0,0,0,0,0,0,55,0,0,0,2,57,0%,0%,0%,100%,57,0,0,0,FALSE,FALSE,FALSE,0%,0,FALSE,FALSE,FALSE,79%,0,1,0,11,1,1,14
8122,60,2,0,0,0,0,0,0,0,0,0,0,0,1,1,0,0,0,0,0,4,3,0,1,0,0,3,0,FALSE,FALSE,0,0,0,0,0,0,0,15,0,0,0,6,21,43%,0%,0%,57%,21,1,0,0,0%,FALSE,FALSE,FALSE,1,0%,FALSE,FALSE,75%,0,1,0,3,2,2,5
4511,60,0,0,0,0,0,0,0,0,0,0,0,0,1,0,0,0,2,0,2,0,3,0,0,0,0,1,FALSE,FALSE,FALSE,0,0,0,0,0,6,8,15,0,0,0,2,31,0%,0%,0%,0%,31,0,0,0,FALSE,FALSE,FALSE,FALSE,0,FALSE,FALSE,FALSE,FALSE,0,0,FALSE,FALSE,0,0,0
3381,60,0,0,0,0,0,0,0,0,0,0,0,0,1,0,0,0,0,0,0,0,0,0,0,0,0,0,FALSE,FALSE,FALSE,0,0,0,0,0,0,0,0,0,0,0,0,0,0%,0%,0%,0%,0,0,0,1,FALSE,FALSE,FALSE,FALSE,0,FALSE,FALSE,FALSE,FALSE,0,0,FALSE,FALSE,0,0,0
8422,60,0,0,0,0,0,0,0,0,0,0,0,0,1,0,0,0,0,0,0,0,0,3,2,5,0,3,FALSE,FALSE,FALSE,0,0,0,0,0,0,0,0,0,30,0,6,36,0%,0%,0%,0%,36,1,0,0,FALSE,FALSE,FALSE,FALSE,0,FALSE,FALSE,FALSE,FALSE,0,5,FALSE,FALSE,3,0,0
3294,61,0,0,0,0,0,0,0,0,0,0,0,0,1,0,0,0,0,0,0,4,3,0,0,0,0,3,FALSE,FALSE,FALSE,0,0,0,0,0,0,0,15,0,0,0,6,21,0%,0%,0%,100%,21,1,0,0,FALSE,FALSE,FALSE,FALSE,0,FALSE,FALSE,FALSE,75%,0,0,FALSE,3,0,0,4
3100,61,1,1,0,0,0,0,0,0,0,1,0,1,0,0,0,0,0,0,0,0,0,1,2,0,7,1,3,FALSE,FALSE,0,0,4,7,0,0,0,0,28,0,0,2,30,100%,0%,0%,0%,37,0,0,0,100%,FALSE,FALSE,FALSE,0,FALSE,FALSE,FALSE,FALSE,1,3,1,FALSE,3,1,0
2143,61,0,0,0,0,0,0,1,0,0,0,0,0,1,0,0,0,0,0,0,7,5,0,0,0,0,1,FALSE,FALSE,FALSE,0,0,0,0,0,0,0,25,0,0,0,2,27,0%,0%,0%,100%,27,0,0,0,FALSE,FALSE,FALSE,0%,0,FALSE,FALSE,FALSE,71%,0,0,0,5,0,1,7
4011,61,0,0,0,0,0,0,0,0,0,0,0,0,1,0,2,2,2,0,0,1,0,0,0,0,0,3,FALSE,FALSE,FALSE,0,0,0,0,4,6,0,0,0,0,0,6,16,0%,67%,0%,33%,16,1,0,0,FALSE,FALSE,FALSE,FALSE,0,FALSE,100%,FALSE,0%,0,0,FALSE,4,0,0,3
5653,62,0,0,0,0,0,0,1,1,0,0,0,0,1,0,0,3,1,2,2,4,4,1,0,0,0,1,FALSE,FALSE,FALSE,7,0,0,7,0,3,8,20,0,0,0,2,33,0%,30%,20%,50%,40,0,0,0,FALSE,FALSE,FALSE,100%,0,FALSE,33%,100%,100%,0,1,1,7,1,1,9
2181,63,0,0,0,0,0,0,0,0,0,0,0,0,0,0,0,0,0,0,0,0,0,0,0,0,0,3,FALSE,FALSE,FALSE,0,0,0,0,0,0,0,0,0,0,0,6,6,0%,0%,0%,0%,6,1,0,1,FALSE,FALSE,FALSE,FALSE,0,FALSE,FALSE,FALSE,FALSE,0,0,FALSE,FALSE,0,0,0
7619,63,0,0,0,0,0,0,0,0,0,0,0,0,0,0,0,0,0,0,0,3,3,1,2,0,0,1,FALSE,FALSE,FALSE,0,0,0,0,0,0,0,15,0,0,0,2,17,0%,0%,0%,100%,17,0,0,0,FALSE,FALSE,FALSE,FALSE,0,FALSE,FALSE,FALSE,100%,0,3,FALSE,3,3,0,3
4693,63,0,0,0,0,0,0,0,0,0,0,0,0,1,0,0,2,0,0,0,0,0,0,0,1,0,1,FALSE,FALSE,FALSE,0,0,0,0,0,0,0,0,0,6,0,2,8,0%,100%,0%,0%,8,0,0,1,FALSE,FALSE,FALSE,FALSE,0,FALSE,0%,FALSE,FALSE,0,0,FALSE,0,0,0,2
4607,63,0,0,0,0,0,0,1,1,0,0,0,0,0,0,0,0,0,0,2,0,3,0,0,0,0,3,FALSE,FALSE,FALSE,7,0,0,7,0,0,8,15,0,0,0,6,29,0%,0%,0%,100%,36,1,0,0,FALSE,FALSE,FALSE,100%,0,FALSE,FALSE,FALSE,FALSE,0,0,1,FALSE,0,1,0
2861,63,0,0,0,0,0,0,0,1,1,0,0,0,1,0,0,0,0,0,0,4,3,0,1,1,0,3,FALSE,FALSE,FALSE,7,0,0,7,0,0,0,15,0,6,0,6,27,0%,0%,0%,100%,34,1,0,0,FALSE,FALSE,FALSE,FALSE,0,FALSE,FALSE,FALSE,75%,1,1,FALSE,3,2,0,4
3291,64,0,0,0,0,0,0,0,0,0,0,0,0,1,0,0,0,0,0,0,0,0,1,0,1,0,0,FALSE,FALSE,FALSE,0,0,0,0,0,0,0,0,0,6,0,0,6,0%,0%,0%,0%,6,0,0,1,FALSE,FALSE,FALSE,FALSE,0,FALSE,FALSE,FALSE,FALSE,0,1,FALSE,FALSE,1,0,0
8836,64,0,0,0,0,0,0,0,0,0,0,0,0,1,0,0,0,0,0,0,0,0,0,0,0,0,0,FALSE,FALSE,FALSE,0,0,0,0,0,0,0,0,0,0,0,0,0,0%,0%,0%,0%,0,0,0,0,FALSE,FALSE,FALSE,FALSE,1,FALSE,FALSE,FALSE,FALSE,0,0,FALSE,FALSE,0,0,0
1732,64,0,0,0,0,0,0,2,1,0,0,0,0,1,0,0,1,2,1,1,3,2,0,3,0,0,3,FALSE,FALSE,FALSE,7,0,0,7,0,6,4,10,0,0,0,6,26,0%,14%,14%,71%,33,1,0,0,FALSE,FALSE,FALSE,50%,0,FALSE,200%,100%,67%,0,3,1,5,2,2,5
2526,64,0,0,0,0,0,0,0,0,0,0,0,0,1,0,0,0,0,0,0,0,0,0,0,5,0,0,FALSE,FALSE,FALSE,0,0,0,0,0,0,0,0,0,30,0,0,30,0%,0%,0%,0%,30,0,0,0,FALSE,FALSE,FALSE,FALSE,0,FALSE,FALSE,FALSE,FALSE,0,0,FALSE,FALSE,0,0,0
1306,64,0,0,0,0,0,0,0,1,0,0,0,0,1,0,0,0,0,0,0,3,2,2,1,0,0,3,FALSE,FALSE,FALSE,7,0,0,7,0,0,0,10,0,0,0,6,16,0%,0%,0%,100%,23,1,0,0,FALSE,FALSE,FALSE,FALSE,0,FALSE,FALSE,FALSE,67%,0,3,FALSE,2,3,0,3
6381,64,0,0,0,0,0,0,0,0,0,0,0,0,1,0,0,3,3,1,1,0,0,0,0,0,0,1,FALSE,FALSE,FALSE,0,0,0,0,0,9,4,0,0,0,0,2,15,0%,75%,25%,0%,15,0,0,0,FALSE,FALSE,FALSE,FALSE,0,FALSE,100%,100%,FALSE,0,0,FALSE,4,0,0,4
4674,65,1,1,0,0,0,0,0,0,0,0,0,0,1,8,8,0,0,0,0,0,0,0,0,0,0,3,3,FALSE,FALSE,0,0,0,3,16,0,0,0,0,0,0,6,22,100%,0%,0%,0%,25,1,0,0,100%,FALSE,FALSE,FALSE,0,100%,FALSE,FALSE,FALSE,0,0,1,8,0,1,8
6217,65,0,0,0,0,0,0,1,0,0,0,0,0,0,0,1,0,0,0,0,3,2,0,0,0,0,1,FALSE,FALSE,FALSE,0,0,0,0,2,0,0,10,0,0,0,2,14,0%,0%,0%,100%,14,0,0,0,FALSE,FALSE,FALSE,0%,0,FALSE,FALSE,FALSE,67%,0,0,0,3,0,1,3
10490,65,1,0,0,0,0,0,0,0,0,0,0,0,1,4,1,0,1,3,2,0,0,0,0,0,0,1,0,FALSE,FALSE,0,0,0,0,2,3,8,0,0,0,0,2,15,63%,0%,38%,0%,15,0,0,0,0%,FALSE,FALSE,FALSE,0,25%,FALSE,67%,FALSE,0,0,0,4,0,1,7
4656,65,0,0,1,1,0,0,0,0,0,0,0,0,1,0,0,0,0,0,0,0,0,1,1,0,0,1,FALSE,4,FALSE,0,0,0,4,0,0,0,0,0,0,0,2,2,0%,100%,0%,0%,6,0,0,0,FALSE,100%,FALSE,FALSE,0,FALSE,FALSE,FALSE,FALSE,0,2,1,FALSE,3,1,0
5826,65,0,1,0,0,0,0,0,0,0,0,0,0,1,0,0,1,0,0,0,0,2,2,2,1,0,1,FALSE,FALSE,FALSE,0,0,0,0,0,0,0,10,0,6,0,2,18,0%,100%,0%,0%,18,0,0,0,FALSE,FALSE,FALSE,FALSE,0,FALSE,0%,FALSE,FALSE,0,4,FALSE,2,3,0,1
2847,65,0,0,0,0,0,0,0,3,0,0,0,0,1,0,0,5,4,5,5,2,2,0,0,0,0,3,FALSE,FALSE,FALSE,21,0,0,21,0,12,20,10,0,0,0,6,48,0%,42%,42%,17%,69,1,0,0,FALSE,FALSE,FALSE,FALSE,0,FALSE,80%,100%,100%,0,0,FALSE,11,0,0,12
3293,66,1,0,0,0,0,0,0,0,0,0,0,0,0,0,0,0,0,0,0,7,7,0,0,0,0,2,0,FALSE,FALSE,0,0,0,0,0,0,0,35,0,0,0,12,47,13%,0%,0%,88%,47,0,0,0,0%,FALSE,FALSE,FALSE,0,FALSE,FALSE,FALSE,100%,0,0,0,7,0,1,7
6574,66,0,0,0,0,0,0,0,0,0,0,0,0,1,0,1,0,1,0,0,4,3,0,1,0,0,3,FALSE,FALSE,FALSE,0,0,0,0,2,3,0,15,0,0,0,6,26,0%,0%,0%,100%,26,1,0,0,FALSE,FALSE,FALSE,FALSE,0,FALSE,FALSE,FALSE,75%,0,1,FALSE,5,2,0,4
6709,66,0,0,0,0,0,0,0,1,0,0,0,0,1,0,0,0,0,0,1,0,6,0,0,0,0,0,FALSE,FALSE,FALSE,7,0,0,7,0,0,4,30,0,0,0,0,34,0%,0%,0%,0%,41,0,0,0,FALSE,FALSE,FALSE,FALSE,0,FALSE,FALSE,FALSE,FALSE,0,0,FALSE,FALSE,0,0,0
7797,66,0,0,0,0,0,0,0,0,0,0,0,0,1,0,0,0,0,4,3,0,0,1,1,0,0,3,FALSE,FALSE,FALSE,0,0,0,0,0,0,12,0,0,0,0,6,18,0%,0%,100%,0%,18,1,0,0,FALSE,FALSE,FALSE,FALSE,0,FALSE,FALSE,75%,FALSE,0,2,FALSE,3,3,0,4
3381,66,0,0,0,0,0,0,0,0,0,0,0,0,1,0,0,0,0,0,0,0,0,0,0,0,0,1,FALSE,FALSE,FALSE,0,0,0,0,0,0,0,0,0,0,0,2,2,0%,0%,0%,0%,2,0,0,0,FALSE,FALSE,FALSE,FALSE,0,FALSE,FALSE,FALSE,FALSE,0,0,FALSE,FALSE,0,0,0
876,66,0,0,0,1,0,0,0,0,0,0,0,0,1,0,0,0,0,0,0,4,4,1,2,0,1,3,FALSE,FALSE,FALSE,0,0,0,0,0,0,0,20,4,0,0,6,30,0%,0%,0%,100%,30,1,0,0,FALSE,FALSE,FALSE,FALSE,1,FALSE,FALSE,FALSE,100%,0,3,FALSE,4,3,0,4
3294,67,0,0,0,0,0,0,0,0,0,0,0,0,1,0,0,0,0,1,0,2,2,0,0,0,0,2,FALSE,FALSE,FALSE,0,0,0,0,0,0,0,10,0,0,0,12,22,0%,0%,33%,67%,22,0,0,0,FALSE,FALSE,FALSE,FALSE,0,FALSE,FALSE,0%,100%,0,0,FALSE,2,0,0,3
4741,67,0,0,0,0,0,0,0,0,0,0,0,0,1,0,0,0,0,1,1,6,5,0,0,0,0,1,FALSE,FALSE,FALSE,0,0,0,0,0,0,4,25,0,0,0,2,31,0%,0%,14%,86%,31,0,0,0,FALSE,FALSE,FALSE,FALSE,0,FALSE,FALSE,100%,83%,0,0,FALSE,6,0,0,7
7864,67,0,0,0,0,0,0,0,0,0,0,0,0,1,0,0,0,1,0,0,0,1,1,0,0,0,1,FALSE,FALSE,FALSE,0,0,0,0,0,3,0,5,0,0,0,2,10,0%,0%,0%,0%,10,0,0,0,FALSE,FALSE,FALSE,FALSE,0,FALSE,FALSE,FALSE,FALSE,0,1,FALSE,FALSE,1,0,0
6318,67,0,0,0,0,0,0,0,0,0,0,0,0,1,0,0,0,0,3,3,0,0,0,0,0,0,0,FALSE,FALSE,FALSE,0,0,0,0,0,0,12,0,0,0,0,0,12,0%,0%,100%,0%,12,0,0,0,FALSE,FALSE,FALSE,FALSE,0,FALSE,FALSE,100%,FALSE,0,0,FALSE,3,0,0,3
3100,67,0,0,0,0,0,0,0,0,0,2,0,1,1,0,0,0,0,0,0,0,0,2,1,0,7,3,FALSE,FALSE,FALSE,0,0,4,4,0,0,0,0,28,0,0,6,34,0%,0%,0%,0%,38,1,0,0,FALSE,FALSE,FALSE,FALSE,0,FALSE,FALSE,FALSE,FALSE,2,3,FALSE,FALSE,3,0,0
5903,67,1,2,0,0,0,0,0,0,0,0,0,0,1,0,0,0,0,0,0,6,5,0,0,0,0,3,6,FALSE,FALSE,0,0,0,6,0,0,0,25,0,0,0,6,31,14%,0%,0%,86%,37,1,0,0,200%,FALSE,FALSE,FALSE,0,FALSE,FALSE,FALSE,83%,0,0,2,5,0,1,6
8516,68,0,0,0,0,0,0,0,0,0,0,0,0,1,0,0,0,0,0,0,0,0,0,0,0,0,1,FALSE,FALSE,FALSE,0,0,0,0,0,0,0,0,0,0,0,2,2,0%,0%,0%,0%,2,0,0,0,FALSE,FALSE,FALSE,FALSE,1,FALSE,FALSE,FALSE,FALSE,0,0,FALSE,FALSE,0,0,0
5586,68,0,0,0,0,0,0,0,0,0,0,0,0,1,0,0,0,0,0,0,0,0,0,0,0,0,0,FALSE,FALSE,FALSE,0,0,0,0,0,0,0,0,0,0,0,0,0,0%,0%,0%,0%,0,0,0,0,FALSE,FALSE,FALSE,FALSE,1,FALSE,FALSE,FALSE,FALSE,0,0,FALSE,FALSE,0,0,0
2654,68,1,0,0,0,0,0,0,0,0,0,0,0,1,0,0,0,0,0,0,3,3,2,1,0,0,3,0,FALSE,FALSE,0,0,0,0,0,0,0,15,0,0,0,6,21,25%,0%,0%,75%,21,1,0,0,0%,FALSE,FALSE,FALSE,0,FALSE,FALSE,FALSE,100%,0,3,0,3,3,1,3
1714,68,0,0,0,0,0,0,1,0,0,0,0,0,1,0,0,0,0,1,0,3,2,0,0,0,0,1,FALSE,FALSE,FALSE,0,0,0,0,0,0,0,10,0,0,0,2,12,0%,0%,20%,80%,12,0,0,0,FALSE,FALSE,FALSE,0%,0,FALSE,FALSE,0%,67%,0,0,0,2,0,1,4
8122,68,1,0,0,0,0,0,0,0,0,0,0,0,1,0,0,0,0,0,0,3,2,0,1,0,0,0,0,FALSE,FALSE,0,0,0,0,0,0,0,10,0,0,0,0,10,25%,0%,0%,75%,10,0,0,1,0%,FALSE,FALSE,FALSE,0,FALSE,FALSE,FALSE,67%,0,1,0,2,2,1,3
6147,68,0,0,0,0,0,0,0,1,0,1,0,0,0,0,0,0,0,0,0,6,6,0,2,0,0,3,FALSE,FALSE,FALSE,7,0,0,7,0,0,0,30,0,0,0,6,36,0%,0%,0%,100%,43,1,0,0,FALSE,FALSE,FALSE,FALSE,0,FALSE,FALSE,FALSE,100%,1,2,FALSE,6,2,0,6
2823,69,0,0,0,0,0,0,0,1,0,0,0,0,1,0,0,0,0,0,0,3,2,0,0,0,0,1,FALSE,FALSE,FALSE,7,0,0,7,0,0,0,10,0,0,0,2,12,0%,0%,0%,100%,19,0,0,0,FALSE,FALSE,FALSE,FALSE,1,FALSE,FALSE,FALSE,67%,0,0,FALSE,2,0,0,3
4693,69,0,0,0,0,0,0,0,0,0,0,0,0,1,1,0,0,0,0,0,0,0,0,0,0,5,1,FALSE,FALSE,FALSE,0,0,0,0,0,0,0,0,20,0,0,2,22,100%,0%,0%,0%,22,0,0,0,FALSE,FALSE,FALSE,FALSE,0,0%,FALSE,FALSE,FALSE,0,0,FALSE,0,0,0,1
9532,69,1,0,0,0,0,0,0,0,0,0,0,0,1,9,7,0,0,0,0,0,0,0,0,0,0,1,0,FALSE,FALSE,0,0,0,0,14,0,0,0,0,0,0,2,16,100%,0%,0%,0%,16,0,0,0,0%,FALSE,FALSE,FALSE,0,78%,FALSE,FALSE,FALSE,0,0,0,7,0,1,9
4511,69,0,0,0,0,0,0,0,0,0,0,0,0,1,0,0,1,0,1,1,0,0,0,1,0,0,0,FALSE,FALSE,FALSE,0,0,0,0,0,0,4,0,0,0,0,0,4,0%,50%,50%,0%,4,0,0,0,FALSE,FALSE,FALSE,FALSE,1,FALSE,0%,100%,FALSE,0,1,FALSE,1,2,0,2
3277,69,0,0,0,0,0,0,0,0,0,0,0,0,1,1,0,3,2,0,6,2,2,1,1,0,0,0,FALSE,FALSE,FALSE,0,0,0,0,0,6,24,10,0,0,0,0,40,17%,50%,0%,33%,40,0,0,0,FALSE,FALSE,FALSE,FALSE,0,0%,67%,FALSE,100%,0,2,FALSE,10,3,0,6
2846,69,0,0,0,0,0,0,0,0,0,0,0,0,1,0,0,0,0,1,0,5,3,0,0,0,0,1,FALSE,FALSE,FALSE,0,0,0,0,0,0,0,15,0,0,0,2,17,0%,0%,17%,83%,17,0,0,0,FALSE,FALSE,FALSE,FALSE,0,FALSE,FALSE,0%,60%,0,0,FALSE,3,0,0,6
3206,70,1,1,0,0,0,0,0,0,0,0,0,0,1,5,5,0,0,0,0,0,0,0,0,6,0,1,3,FALSE,FALSE,0,0,0,3,10,0,0,0,0,36,0,2,48,100%,0%,0%,0%,51,0,0,0,100%,FALSE,FALSE,FALSE,0,100%,FALSE,FALSE,FALSE,0,0,1,5,0,1,5
8422,70,0,0,0,0,0,0,0,0,0,0,0,0,1,0,0,0,0,0,0,0,0,3,3,7,0,3,FALSE,FALSE,FALSE,0,0,0,0,0,0,0,0,0,42,0,6,48,0%,0%,0%,0%,48,1,0,0,FALSE,FALSE,FALSE,FALSE,0,FALSE,FALSE,FALSE,FALSE,0,6,FALSE,FALSE,3,0,0
5653,70,0,0,0,0,0,0,0,2,0,0,0,0,1,0,0,0,0,0,7,0,8,2,1,0,0,1,FALSE,FALSE,FALSE,14,0,0,14,0,0,28,40,0,0,0,2,70,0%,0%,0%,0%,84,0,0,0,FALSE,FALSE,FALSE,FALSE,0,FALSE,FALSE,FALSE,FALSE,0,3,FALSE,FALSE,3,0,0
7619,70,0,0,0,0,0,0,0,0,0,0,0,0,1,1,1,1,0,0,0,2,1,0,0,0,0,1,FALSE,FALSE,FALSE,0,0,0,0,2,0,0,5,0,0,0,2,9,25%,25%,0%,50%,9,0,0,0,FALSE,FALSE,FALSE,FALSE,0,100%,0%,FALSE,50%,0,0,FALSE,2,0,0,4
2861,70,0,0,0,0,0,0,0,1,0,0,0,0,1,1,1,0,0,5,4,0,3,2,0,1,1,3,FALSE,FALSE,FALSE,7,0,0,7,2,0,16,15,4,6,0,6,49,17%,0%,83%,0%,56,1,0,0,FALSE,FALSE,FALSE,FALSE,0,100%,FALSE,80%,FALSE,0,2,FALSE,8,1,0,6
3267,70,0,0,0,0,0,0,0,0,0,0,0,0,1,0,0,0,0,1,1,6,5,0,0,0,0,1,FALSE,FALSE,FALSE,0,0,0,0,0,0,4,25,0,0,0,2,31,0%,0%,14%,86%,31,0,0,0,FALSE,FALSE,FALSE,FALSE,0,FALSE,FALSE,100%,83%,0,0,FALSE,6,0,0,7
4181,71,0,0,0,0,0,0,0,0,0,0,0,0,1,0,0,3,3,5,5,1,1,0,0,0,0,0,FALSE,FALSE,FALSE,0,0,0,0,0,9,20,5,0,0,0,0,34,0%,33%,56%,11%,34,0,0,0,FALSE,FALSE,FALSE,FALSE,0,FALSE,100%,100%,100%,0,0,FALSE,9,0,0,9
4011,71,0,0,0,0,0,0,0,0,0,0,0,0,1,0,0,2,2,2,1,0,0,0,0,0,0,0,FALSE,FALSE,FALSE,0,0,0,0,0,6,4,0,0,0,0,0,10,0%,50%,50%,0%,10,0,0,1,FALSE,FALSE,FALSE,FALSE,0,FALSE,100%,50%,FALSE,0,0,FALSE,3,0,0,4
9578,71,0,0,0,0,0,0,0,0,0,0,0,0,1,0,0,0,0,0,0,0,0,2,0,4,0,0,FALSE,FALSE,FALSE,0,0,0,0,0,0,0,0,0,24,0,0,24,0%,0%,0%,0%,24,0,0,0,FALSE,FALSE,FALSE,FALSE,0,FALSE,FALSE,FALSE,FALSE,0,2,FALSE,FALSE,1,0,0
7028,71,0,0,0,0,0,0,1,0,0,0,0,0,1,0,0,0,0,1,1,8,6,0,1,0,0,3,FALSE,FALSE,FALSE,0,0,0,0,0,0,4,30,0,0,0,6,40,0%,0%,10%,90%,40,1,0,0,FALSE,FALSE,FALSE,0%,0,FALSE,FALSE,100%,75%,0,1,0,7,2,1,9
7038,71,0,0,0,0,0,0,0,0,0,0,0,0,1,0,0,0,0,0,0,0,0,0,0,0,0,0,FALSE,FALSE,FALSE,0,0,0,0,0,0,0,0,0,0,0,0,0,0%,0%,0%,0%,0,0,0,0,FALSE,FALSE,FALSE,FALSE,1,FALSE,FALSE,FALSE,FALSE,0,0,FALSE,FALSE,0,0,0
6421,71,2,0,0,0,0,0,0,0,0,0,0,0,0,0,0,1,1,0,0,0,0,3,2,0,0,0,0,FALSE,FALSE,0,0,0,0,0,3,0,0,0,0,0,0,3,67%,33%,0%,0%,3,0,0,0,0%,FALSE,FALSE,FALSE,1,FALSE,100%,FALSE,FALSE,0,5,0,1,3,2,1
7235,72,0,0,0,0,0,0,0,0,0,0,0,0,1,1,1,0,0,0,0,0,0,0,0,3,0,1,FALSE,FALSE,FALSE,0,0,0,0,2,0,0,0,0,18,0,2,22,100%,0%,0%,0%,22,0,0,0,FALSE,FALSE,FALSE,FALSE,0,100%,FALSE,FALSE,FALSE,0,0,FALSE,1,0,0,1
2181,72,0,0,0,0,0,0,0,0,0,0,0,0,0,0,0,0,0,0,0,0,0,0,0,0,0,0,FALSE,FALSE,FALSE,0,0,0,0,0,0,0,0,0,0,0,0,0,0%,0%,0%,0%,0,0,0,1,FALSE,FALSE,FALSE,FALSE,0,FALSE,FALSE,FALSE,FALSE,0,0,FALSE,FALSE,0,0,0
2143,72,0,0,0,0,0,0,1,0,0,0,0,0,1,1,1,0,0,3,2,2,2,0,0,0,0,0,FALSE,FALSE,FALSE,0,0,0,0,2,0,8,10,0,0,0,0,20,14%,0%,43%,43%,20,0,0,0,FALSE,FALSE,FALSE,0%,0,100%,FALSE,67%,100%,0,0,0,5,0,1,6
3197,72,0,0,0,0,0,0,2,1,0,0,0,0,1,0,0,0,0,0,0,11,10,0,1,0,2,1,FALSE,FALSE,FALSE,7,0,0,7,0,0,0,50,8,0,0,2,60,0%,0%,0%,100%,67,0,0,0,FALSE,FALSE,FALSE,50%,0,FALSE,FALSE,FALSE,91%,0,1,1,10,2,2,11
4607,72,0,0,0,0,0,0,2,1,0,0,0,0,1,0,0,3,3,1,1,3,3,1,1,1,0,1,FALSE,FALSE,FALSE,7,0,0,7,0,9,4,15,0,6,0,2,36,0%,33%,11%,56%,43,0,0,0,FALSE,FALSE,FALSE,50%,0,FALSE,100%,100%,100%,0,2,1,7,3,2,7
1619,72,0,0,1,1,0,0,1,0,0,0,0,0,1,1,1,2,2,6,4,6,5,0,0,0,0,3,FALSE,4,FALSE,0,0,0,4,2,6,16,25,0,0,0,6,55,6%,18%,35%,41%,59,1,0,0,FALSE,100%,FALSE,0%,0,100%,100%,67%,83%,0,0,1,12,0,2,15
3381,73,0,0,0,0,0,0,0,0,0,0,0,0,1,0,0,0,0,0,0,0,0,0,0,0,0,1,FALSE,FALSE,FALSE,0,0,0,0,0,0,0,0,0,0,0,2,2,0%,0%,0%,0%,2,0,0,0,FALSE,FALSE,FALSE,FALSE,1,FALSE,FALSE,FALSE,FALSE,0,0,FALSE,FALSE,0,0,0
6217,73,0,0,0,0,0,0,1,0,0,0,0,0,1,0,0,0,0,0,0,0,0,0,0,0,0,1,FALSE,FALSE,FALSE,0,0,0,0,0,0,0,0,0,0,0,2,2,0%,0%,0%,100%,2,0,0,1,FALSE,FALSE,FALSE,0%,1,FALSE,FALSE,FALSE,FALSE,0,0,0,FALSE,0,1,0
6574,73,0,0,0,0,0,0,0,0,0,0,0,0,1,0,0,0,0,0,0,6,4,0,0,0,0,0,FALSE,FALSE,FALSE,0,0,0,0,0,0,0,20,0,0,0,0,20,0%,0%,0%,100%,20,0,0,1,FALSE,FALSE,FALSE,FALSE,0,FALSE,FALSE,FALSE,67%,0,0,FALSE,4,0,0,6
3100,73,0,0,0,0,0,0,0,0,1,0,0,1,1,0,0,0,0,0,0,0,0,1,1,0,7,3,FALSE,FALSE,FALSE,0,0,4,4,0,0,0,0,28,0,0,6,34,0%,0%,0%,0%,38,1,0,0,FALSE,FALSE,FALSE,FALSE,0,FALSE,FALSE,FALSE,FALSE,1,2,FALSE,FALSE,3,0,0
2526,73,0,0,0,0,0,0,0,0,0,0,0,0,1,0,0,0,0,0,0,0,0,2,1,0,5,1,FALSE,FALSE,FALSE,0,0,0,0,0,0,0,0,20,0,0,2,22,0%,0%,0%,0%,22,0,0,0,FALSE,FALSE,FALSE,FALSE,0,FALSE,FALSE,FALSE,FALSE,0,3,FALSE,FALSE,3,0,0
2847,74,0,0,0,0,0,0,3,2,0,0,0,0,1,0,0,5,5,4,4,3,3,0,1,2,0,3,FALSE,FALSE,FALSE,14,0,0,14,0,15,16,15,0,12,0,6,64,0%,33%,27%,40%,78,1,0,0,FALSE,FALSE,FALSE,67%,0,FALSE,100%,100%,100%,0,1,2,12,2,3,12
1714,74,0,0,0,0,0,0,1,0,0,0,0,0,1,1,0,0,0,0,0,9,6,0,0,0,0,0,FALSE,FALSE,FALSE,0,0,0,0,0,0,0,30,0,0,0,0,30,9%,0%,0%,91%,30,0,0,0,FALSE,FALSE,FALSE,0%,0,0%,FALSE,FALSE,67%,0,0,0,6,0,1,10
876,74,0,0,0,0,0,0,1,1,0,0,0,0,1,0,0,2,2,1,1,3,3,1,1,2,0,2,FALSE,FALSE,FALSE,7,0,0,7,0,6,4,15,0,12,0,12,49,0%,29%,14%,57%,56,0,0,0,FALSE,FALSE,FALSE,100%,0,FALSE,100%,100%,100%,0,2,1,6,3,1,6
5586,74,0,0,0,0,0,0,0,0,0,0,0,0,0,1,0,0,0,0,0,0,0,0,0,0,0,1,FALSE,FALSE,FALSE,0,0,0,0,0,0,0,0,0,0,0,2,2,100%,0%,0%,0%,2,0,0,0,FALSE,FALSE,FALSE,FALSE,1,0%,FALSE,FALSE,FALSE,0,0,FALSE,0,0,0,1
4741,74,0,0,0,0,0,0,0,0,0,0,0,0,1,6,3,2,2,0,0,2,2,0,0,0,0,0,FALSE,FALSE,FALSE,0,0,0,0,6,6,0,10,0,0,0,0,22,60%,20%,0%,20%,22,0,0,0,FALSE,FALSE,FALSE,FALSE,0,50%,100%,FALSE,100%,0,0,FALSE,7,0,0,10
6709,75,0,0,0,0,0,0,1,1,0,0,0,0,1,0,0,0,0,0,0,8,7,0,0,0,0,1,FALSE,FALSE,FALSE,7,0,0,7,0,0,0,35,0,0,0,2,37,0%,0%,0%,100%,44,0,0,0,FALSE,FALSE,FALSE,100%,0,FALSE,FALSE,FALSE,88%,0,0,1,7,0,1,8
3294,75,0,0,0,0,0,0,0,0,0,0,0,0,1,0,0,0,0,0,0,4,3,0,0,0,0,3,FALSE,FALSE,FALSE,0,0,0,0,0,0,0,15,0,0,0,6,21,0%,0%,0%,100%,21,1,0,0,FALSE,FALSE,FALSE,FALSE,0,FALSE,FALSE,FALSE,75%,0,0,FALSE,3,0,0,4
7864,75,0,0,0,0,0,0,0,0,0,0,0,0,1,0,0,0,0,0,0,1,1,0,0,0,0,0,FALSE,FALSE,FALSE,0,0,0,0,0,0,0,5,0,0,0,0,5,0%,0%,0%,100%,5,0,0,0,FALSE,FALSE,FALSE,FALSE,0,FALSE,FALSE,FALSE,100%,0,0,FALSE,1,0,0,1
5826,75,0,0,0,0,0,0,1,1,0,0,0,0,1,0,0,0,0,0,0,4,4,0,0,0,0,0,FALSE,FALSE,FALSE,7,0,0,7,0,0,0,20,0,0,0,0,20,0%,0%,0%,100%,27,0,0,0,FALSE,FALSE,FALSE,100%,0,FALSE,FALSE,FALSE,100%,0,0,1,4,0,1,4
1306,76,0,0,0,0,0,0,1,1,0,0,0,0,1,0,0,0,0,0,0,9,9,1,0,0,0,2,FALSE,FALSE,FALSE,7,0,0,7,0,0,0,45,0,0,0,12,57,0%,0%,0%,100%,64,0,0,0,FALSE,FALSE,FALSE,100%,0,FALSE,FALSE,FALSE,100%,0,1,1,9,1,1,9
3293,76,1,1,0,0,0,0,0,0,0,0,0,0,1,0,0,0,0,0,0,7,5,0,0,0,0,3,3,FALSE,FALSE,0,0,0,3,0,0,0,25,0,0,0,6,31,13%,0%,0%,88%,34,1,0,0,100%,FALSE,FALSE,FALSE,0,FALSE,FALSE,FALSE,71%,0,0,1,5,0,1,7
7619,76,0,0,0,0,0,0,0,0,0,0,0,0,0,0,0,1,1,0,0,3,2,0,0,0,0,1,FALSE,FALSE,FALSE,0,0,0,0,0,3,0,10,0,0,0,2,15,0%,25%,0%,75%,15,0,0,0,FALSE,FALSE,FALSE,FALSE,0,FALSE,100%,FALSE,67%,0,0,FALSE,3,0,0,4
6318,76,0,0,0,0,0,0,0,0,0,0,0,0,1,0,0,2,0,2,0,0,0,0,0,0,0,0,FALSE,FALSE,FALSE,0,0,0,0,0,0,0,0,0,0,0,0,0,0%,50%,50%,0%,0,0,0,0,FALSE,FALSE,FALSE,FALSE,0,FALSE,0%,0%,FALSE,0,0,FALSE,0,0,0,4
6147,77,0,0,0,0,0,0,1,1,0,0,0,0,1,0,0,0,0,0,0,3,3,0,0,0,0,0,FALSE,FALSE,FALSE,7,0,0,7,0,0,0,15,0,0,0,0,15,0%,0%,0%,100%,22,0,0,1,FALSE,FALSE,FALSE,100%,0,FALSE,FALSE,FALSE,100%,0,0,1,3,0,1,3
7797,77,0,0,0,0,0,0,0,0,0,0,0,0,0,0,0,0,0,0,0,0,0,0,0,0,0,0,FALSE,FALSE,FALSE,0,0,0,0,0,0,0,0,0,0,0,0,0,0%,0%,0%,0%,0,0,0,1,FALSE,FALSE,FALSE,FALSE,0,FALSE,FALSE,FALSE,FALSE,0,0,FALSE,FALSE,0,0,0
9578,77,0,0,0,0,0,0,0,0,0,0,0,0,1,0,0,0,0,0,0,0,0,3,2,1,0,1,FALSE,FALSE,FALSE,0,0,0,0,0,0,0,0,0,6,0,2,8,0%,0%,0%,0%,8,0,0,0,FALSE,FALSE,FALSE,FALSE,0,FALSE,FALSE,FALSE,FALSE,0,5,FALSE,FALSE,3,0,0
2846,77,0,0,0,0,0,0,0,0,0,0,0,0,1,0,0,1,0,1,1,2,0,0,0,0,0,1,FALSE,FALSE,FALSE,0,0,0,0,0,0,4,0,0,0,0,2,6,0%,25%,25%,50%,6,0,0,0,FALSE,FALSE,FALSE,FALSE,0,FALSE,0%,100%,0%,0,0,FALSE,1,0,0,4
6381,77,0,0,0,0,1,1,0,0,0,0,0,0,1,0,0,0,0,0,0,7,7,0,0,0,0,1,FALSE,FALSE,6,0,0,0,6,0,0,0,35,0,0,0,2,37,0%,0%,13%,88%,43,0,0,0,FALSE,FALSE,100%,FALSE,0,FALSE,FALSE,FALSE,100%,0,0,1,7,0,1,7
6421,78,0,0,2,2,0,0,0,0,0,0,0,0,0,0,0,0,0,1,0,0,0,0,3,0,0,0,FALSE,8,FALSE,0,0,0,8,0,0,0,0,0,0,0,0,0,0%,67%,33%,0%,8,0,0,0,FALSE,100%,FALSE,FALSE,1,FALSE,FALSE,0%,FALSE,0,3,2,0,2,2,1
3197,78,0,0,0,0,0,0,1,1,0,0,0,0,1,0,0,0,0,4,4,4,4,0,0,0,2,0,FALSE,FALSE,FALSE,7,0,0,7,0,0,16,20,8,0,0,0,44,0%,0%,44%,56%,51,0,0,0,FALSE,FALSE,FALSE,100%,0,FALSE,FALSE,100%,100%,0,0,1,8,0,1,8
7038,78,0,0,0,0,0,0,0,0,0,0,0,0,0,0,0,0,0,0,0,0,0,0,0,0,0,0,FALSE,FALSE,FALSE,0,0,0,0,0,0,0,0,0,0,0,0,0,0%,0%,0%,0%,0,0,0,1,FALSE,FALSE,FALSE,FALSE,0,FALSE,FALSE,FALSE,FALSE,0,0,FALSE,FALSE,0,0,0
1732,78,0,0,0,0,0,0,3,3,0,0,0,0,1,0,0,0,0,7,4,6,4,1,1,0,0,3,FALSE,FALSE,FALSE,21,0,0,21,0,0,16,20,0,0,0,6,42,0%,0%,44%,56%,63,1,0,0,FALSE,FALSE,FALSE,100%,0,FALSE,FALSE,57%,67%,0,2,3,8,3,3,13
5653,78,0,0,0,0,0,0,1,0,0,0,0,0,1,0,0,0,0,1,1,5,4,0,1,0,0,0,FALSE,FALSE,FALSE,0,0,0,0,0,0,4,20,0,0,0,0,24,0%,0%,14%,86%,24,0,0,0,FALSE,FALSE,FALSE,0%,0,FALSE,FALSE,100%,80%,0,1,0,5,2,1,6
8422,79,0,0,0,0,0,0,0,0,0,0,0,0,1,0,0,0,0,0,0,0,0,1,1,0,0,3,FALSE,FALSE,FALSE,0,0,0,0,0,0,0,0,0,0,0,6,6,0%,0%,0%,0%,6,1,0,1,FALSE,FALSE,FALSE,FALSE,1,FALSE,FALSE,FALSE,FALSE,0,2,FALSE,FALSE,3,0,0
8516,79,0,0,0,0,0,0,0,0,0,0,0,0,1,0,0,5,4,2,2,0,0,1,0,1,0,1,FALSE,FALSE,FALSE,0,0,0,0,0,12,8,0,0,6,0,2,28,0%,71%,29%,0%,28,0,0,0,FALSE,FALSE,FALSE,FALSE,0,FALSE,80%,100%,FALSE,0,1,FALSE,6,1,0,7
3277,79,0,0,0,0,0,0,0,0,0,0,0,0,1,0,0,2,2,1,1,8,7,1,0,0,0,0,FALSE,FALSE,FALSE,0,0,0,0,0,6,4,35,0,0,0,0,45,0%,18%,9%,73%,45,0,0,0,FALSE,FALSE,FALSE,FALSE,0,FALSE,100%,100%,88%,0,1,FALSE,10,1,0,11
2181,79,1,1,0,0,0,0,1,0,0,0,0,0,1,0,0,0,0,5,2,3,2,0,0,0,0,3,3,FALSE,FALSE,0,0,0,3,0,0,8,10,0,0,0,6,24,10%,0%,50%,40%,27,1,0,0,100%,FALSE,FALSE,0%,0,FALSE,FALSE,40%,67%,0,0,1,4,0,2,8
4181,79,0,0,1,1,0,0,0,0,0,0,0,0,1,0,0,0,0,4,4,3,1,1,1,0,0,1,FALSE,4,FALSE,0,0,0,4,0,0,16,5,0,0,0,2,23,0%,13%,50%,38%,27,0,0,0,FALSE,100%,FALSE,FALSE,0,FALSE,FALSE,100%,33%,0,2,1,5,3,1,7
4607,80,0,0,0,0,0,0,1,1,0,0,0,0,0,0,0,1,1,4,4,3,3,0,1,0,0,0,FALSE,FALSE,FALSE,7,0,0,7,0,3,16,15,0,0,0,0,34,0%,11%,44%,44%,41,0,0,0,FALSE,FALSE,FALSE,100%,0,FALSE,100%,100%,100%,0,1,1,8,2,1,8
1619,80,1,1,0,0,0,0,2,2,0,0,0,0,1,0,0,0,0,2,1,8,6,1,1,0,0,1,3,FALSE,FALSE,14,0,0,17,0,0,4,30,0,0,0,2,36,8%,0%,15%,77%,53,0,0,0,100%,FALSE,FALSE,100%,1,FALSE,FALSE,50%,75%,0,2,3,7,3,3,10
2823,80,0,0,0,0,0,0,0,0,0,0,0,0,1,0,0,0,0,2,2,6,5,0,0,0,0,0,FALSE,FALSE,FALSE,0,0,0,0,0,0,8,25,0,0,0,0,33,0%,0%,25%,75%,33,0,0,1,FALSE,FALSE,FALSE,FALSE,0,FALSE,FALSE,100%,83%,0,0,FALSE,7,0,0,8
3267,80,0,0,0,0,0,0,0,0,0,0,0,0,1,1,0,0,0,1,1,5,4,1,0,0,0,1,FALSE,FALSE,FALSE,0,0,0,0,0,0,4,20,0,0,0,2,26,14%,0%,14%,71%,26,0,0,0,FALSE,FALSE,FALSE,FALSE,0,0%,FALSE,100%,80%,0,1,FALSE,5,1,0,7
5903,80,1,1,0,0,0,0,0,0,0,0,0,0,1,1,0,0,0,0,0,0,0,0,0,0,0,0,3,FALSE,FALSE,0,0,0,3,0,0,0,0,0,0,0,0,0,100%,0%,0%,0%,3,0,0,0,100%,FALSE,FALSE,FALSE,0,0%,FALSE,FALSE,FALSE,0,0,1,0,0,1,1
4674,81,1,1,0,0,0,0,0,0,0,0,0,0,1,10,9,0,0,0,0,0,0,0,0,0,0,3,3,FALSE,FALSE,0,0,0,3,18,0,0,0,0,0,0,6,24,100%,0%,0%,0%,27,1,0,0,100%,FALSE,FALSE,FALSE,0,90%,FALSE,FALSE,FALSE,0,0,1,9,0,1,10
4693,81,0,0,0,0,0,0,0,0,0,0,0,0,1,1,0,0,0,0,0,0,0,0,0,3,0,0,FALSE,FALSE,FALSE,0,0,0,0,0,0,0,0,0,18,0,0,18,100%,0%,0%,0%,18,0,0,0,FALSE,FALSE,FALSE,FALSE,0,0%,FALSE,FALSE,FALSE,0,0,FALSE,0,0,0,1
3291,81,0,0,0,0,0,0,0,0,0,0,0,0,1,0,0,0,0,1,1,7,6,0,0,0,0,1,FALSE,FALSE,FALSE,0,0,0,0,0,0,4,30,0,0,0,2,36,0%,0%,13%,88%,36,0,0,0,FALSE,FALSE,FALSE,FALSE,0,FALSE,FALSE,100%,86%,0,0,FALSE,7,0,0,8
7028,81,0,0,0,0,0,0,2,2,0,0,0,0,1,0,0,0,0,0,0,10,10,0,1,0,0,3,FALSE,FALSE,FALSE,14,0,0,14,0,0,0,50,0,0,0,6,56,0%,0%,0%,100%,70,1,0,0,FALSE,FALSE,FALSE,100%,0,FALSE,FALSE,FALSE,100%,0,1,2,10,2,2,10
10490,81,1,1,0,0,0,0,0,0,0,0,0,0,0,0,0,0,0,3,3,0,0,0,1,0,0,0,3,FALSE,FALSE,0,0,0,3,0,0,12,0,0,0,0,0,12,25%,0%,75%,0%,15,0,0,0,100%,FALSE,FALSE,FALSE,0,FALSE,FALSE,100%,FALSE,0,1,1,3,2,1,3
876,1,0,0,0,0,0,0,1,1,0,0,0,0,1,0,0,0,0,0,0,6,6,2,1,2,0,1,FALSE,FALSE,FALSE,7,0,0,7,0,0,0,30,0,12,0,2,44,0%,0%,0%,100%,51,0,0,0,FALSE,FALSE,FALSE,100%,0,FALSE,FALSE,FALSE,100%,0,3,1,6,3,1,6
3206,1,1,1,0,0,0,0,0,0,0,0,0,0,1,5,5,2,0,0,0,1,0,0,0,4,0,1,3,FALSE,FALSE,0,0,0,3,10,0,0,0,0,24,0,2,36,67%,22%,0%,11%,39,0,0,0,100%,FALSE,FALSE,FALSE,0,100%,0%,FALSE,0%,0,0,1,5,0,1,8
3294,1,0,0,0,0,0,0,0,0,0,0,0,0,1,0,0,5,5,0,0,0,0,0,0,0,0,3,FALSE,FALSE,FALSE,0,0,0,0,0,15,0,0,0,0,0,6,21,0%,100%,0%,0%,21,1,0,0,FALSE,FALSE,FALSE,FALSE,0,FALSE,100%,FALSE,FALSE,0,0,FALSE,5,0,0,5
3291,1,0,0,0,0,0,0,0,0,0,0,0,0,1,0,0,3,2,2,2,0,0,2,1,1,0,0,FALSE,FALSE,FALSE,0,0,0,0,0,6,8,0,0,6,0,0,20,0%,60%,40%,0%,20,0,0,0,FALSE,FALSE,FALSE,FALSE,0,FALSE,67%,100%,FALSE,0,3,FALSE,4,3,0,5
7028,1,0,0,0,0,0,0,1,0,0,0,0,0,0,0,0,0,0,0,0,12,10,0,0,0,0,3,FALSE,FALSE,FALSE,0,0,0,0,0,0,0,50,0,0,0,6,56,0%,0%,0%,100%,56,1,0,0,FALSE,FALSE,FALSE,0%,0,FALSE,FALSE,FALSE,83%,0,0,0,10,0,1,12
7235,1,0,0,0,0,0,0,0,0,0,0,0,0,1,0,0,0,0,0,0,0,0,0,0,0,0,0,FALSE,FALSE,FALSE,0,0,0,0,0,0,0,0,0,0,0,0,0,0%,0%,0%,0%,0,0,0,0,FALSE,FALSE,FALSE,FALSE,1,FALSE,FALSE,FALSE,FALSE,0,0,FALSE,FALSE,0,0,0
7038,2,0,0,0,0,0,0,0,0,0,0,0,0,1,0,0,0,0,0,0,0,0,0,0,0,0,0,FALSE,FALSE,FALSE,0,0,0,0,0,0,0,0,0,0,0,0,0,0%,0%,0%,0%,0,0,0,0,FALSE,FALSE,FALSE,FALSE,0,FALSE,FALSE,FALSE,FALSE,0,0,FALSE,FALSE,0,0,0
1306,2,0,0,0,0,0,0,1,0,0,0,0,0,1,0,0,0,0,0,0,12,7,0,0,0,0,0,FALSE,FALSE,FALSE,0,0,0,0,0,0,0,35,0,0,0,0,35,0%,0%,0%,100%,35,0,0,0,FALSE,FALSE,FALSE,0%,0,FALSE,FALSE,FALSE,58%,0,0,0,7,0,1,12
3277,2,0,0,0,0,0,0,0,0,0,0,0,0,1,2,0,0,0,1,1,1,1,2,2,0,0,0,FALSE,FALSE,FALSE,0,0,0,0,0,0,4,5,0,0,0,0,9,50%,0%,25%,25%,9,0,0,0,FALSE,FALSE,FALSE,FALSE,0,0%,FALSE,100%,100%,0,4,FALSE,2,3,0,4
6709,2,0,0,0,0,0,0,2,1,0,0,0,0,1,0,0,0,0,0,0,8,8,0,0,0,0,1,FALSE,FALSE,FALSE,7,0,0,7,0,0,0,40,0,0,0,2,42,0%,0%,0%,100%,49,0,0,0,FALSE,FALSE,FALSE,50%,0,FALSE,FALSE,FALSE,100%,0,0,1,8,0,2,8
10490,2,0,0,0,0,0,0,0,0,0,0,0,0,1,1,1,0,0,4,2,0,0,0,0,0,0,1,FALSE,FALSE,FALSE,0,0,0,0,2,0,8,0,0,0,0,2,12,20%,0%,80%,0%,12,0,0,0,FALSE,FALSE,FALSE,FALSE,0,100%,FALSE,50%,FALSE,0,0,FALSE,3,0,0,5
3100,2,0,0,0,0,0,0,0,0,0,0,0,1,0,0,0,0,0,0,0,0,0,1,0,0,0,2,FALSE,FALSE,FALSE,0,0,4,4,0,0,0,0,0,0,0,12,12,0%,0%,0%,0%,16,0,0,0,FALSE,FALSE,FALSE,FALSE,1,FALSE,FALSE,FALSE,FALSE,0,1,FALSE,FALSE,1,0,0
9578,3,0,0,0,0,0,0,0,0,0,0,0,0,0,0,0,0,0,0,0,0,0,0,0,0,1,1,FALSE,FALSE,FALSE,0,0,0,0,0,0,0,0,4,0,0,2,6,0%,0%,0%,0%,6,0,0,0,FALSE,FALSE,FALSE,FALSE,0,FALSE,FALSE,FALSE,FALSE,0,0,FALSE,FALSE,0,0,0
6217,3,0,0,0,0,0,0,0,0,0,0,0,0,1,0,0,1,1,2,1,0,0,0,0,0,0,1,FALSE,FALSE,FALSE,0,0,0,0,0,3,4,0,0,0,0,2,9,0%,33%,67%,0%,9,0,0,0,FALSE,FALSE,FALSE,FALSE,1,FALSE,100%,50%,FALSE,0,0,FALSE,2,0,0,3
5653,3,0,0,0,0,0,0,2,2,0,0,0,0,1,0,0,0,0,0,0,9,6,0,0,0,0,1,FALSE,FALSE,FALSE,14,0,0,14,0,0,0,30,0,0,0,2,32,0%,0%,0%,100%,46,0,0,0,FALSE,FALSE,FALSE,100%,0,FALSE,FALSE,FALSE,67%,0,0,2,6,0,2,9
2823,3,0,0,0,0,0,0,1,1,0,0,0,0,1,0,0,0,0,0,0,9,6,0,0,0,0,1,FALSE,FALSE,FALSE,7,0,0,7,0,0,0,30,0,0,0,2,32,0%,0%,0%,100%,39,0,0,0,FALSE,FALSE,FALSE,100%,0,FALSE,FALSE,FALSE,67%,0,0,1,6,0,1,9
3381,3,0,0,0,0,0,0,0,0,0,0,0,0,0,0,0,0,0,0,0,0,0,0,0,0,0,0,FALSE,FALSE,FALSE,0,0,0,0,0,0,0,0,0,0,0,0,0,0%,0%,0%,0%,0,0,0,1,FALSE,FALSE,FALSE,FALSE,0,FALSE,FALSE,FALSE,FALSE,0,0,FALSE,FALSE,0,0,0
8836,3,0,0,0,0,0,0,0,0,0,0,0,0,0,1,0,0,0,0,0,0,0,0,0,0,0,1,FALSE,FALSE,FALSE,0,0,0,0,0,0,0,0,0,0,0,2,2,100%,0%,0%,0%,2,0,0,1,FALSE,FALSE,FALSE,FALSE,0,0%,FALSE,FALSE,FALSE,0,0,FALSE,0,0,0,1
8422,4,0,0,0,0,0,0,0,0,0,0,0,0,1,0,0,0,0,0,0,0,0,3,1,5,0,1,FALSE,FALSE,FALSE,0,0,0,0,0,0,0,0,0,30,0,2,32,0%,0%,0%,0%,32,0,0,0,FALSE,FALSE,FALSE,FALSE,0,FALSE,FALSE,FALSE,FALSE,0,4,FALSE,FALSE,3,0,0
6574,4,0,0,0,0,0,0,0,0,0,0,0,0,1,0,0,0,0,4,3,1,1,0,0,0,0,0,FALSE,FALSE,FALSE,0,0,0,0,0,0,12,5,0,0,0,0,17,0%,0%,80%,20%,17,0,0,0,FALSE,FALSE,FALSE,FALSE,0,FALSE,FALSE,75%,100%,0,0,FALSE,4,0,0,5
1732,4,0,0,0,0,0,0,3,2,0,0,0,0,1,0,0,1,1,1,1,10,8,0,0,0,0,3,FALSE,FALSE,FALSE,14,0,0,14,0,3,4,40,0,0,0,6,53,0%,7%,7%,87%,67,1,0,0,FALSE,FALSE,FALSE,67%,0,FALSE,100%,100%,80%,0,0,2,10,0,3,12
6147,4,0,0,0,0,0,0,1,0,0,0,0,0,1,0,0,0,0,6,4,7,6,0,0,0,0,3,FALSE,FALSE,FALSE,0,0,0,0,0,0,16,30,0,0,0,6,52,0%,0%,43%,57%,52,1,0,0,FALSE,FALSE,FALSE,0%,0,FALSE,FALSE,67%,86%,0,0,0,10,0,1,13
2143,4,0,0,0,0,0,0,1,0,0,0,0,0,1,0,0,0,0,3,2,5,5,0,0,0,0,1,FALSE,FALSE,FALSE,0,0,0,0,0,0,8,25,0,0,0,2,35,0%,0%,33%,67%,35,0,0,0,FALSE,FALSE,FALSE,0%,0,FALSE,FALSE,67%,100%,0,0,0,7,0,1,8
7619,4,0,0,0,0,0,0,0,0,0,0,0,0,1,1,0,0,0,2,1,0,0,2,2,0,0,1,FALSE,FALSE,FALSE,0,0,0,0,0,0,4,0,0,0,0,2,6,33%,0%,67%,0%,6,0,0,0,FALSE,FALSE,FALSE,FALSE,0,0%,FALSE,50%,FALSE,0,4,FALSE,1,3,0,3
4656,5,0,0,0,0,1,0,0,0,0,0,0,0,1,0,0,1,0,2,2,0,0,0,1,0,0,3,FALSE,FALSE,0,0,0,0,0,0,0,8,0,0,0,0,6,14,0%,25%,75%,0%,14,1,0,0,FALSE,FALSE,0%,FALSE,0,FALSE,0%,100%,FALSE,0,1,0,2,2,1,3
2846,5,0,0,0,0,0,0,0,0,0,0,0,0,1,0,0,0,0,0,0,0,0,1,0,0,0,1,FALSE,FALSE,FALSE,0,0,0,0,0,0,0,0,0,0,0,2,2,0%,0%,0%,0%,2,0,0,1,FALSE,FALSE,FALSE,FALSE,1,FALSE,FALSE,FALSE,FALSE,0,1,FALSE,FALSE,1,0,0
2181,5,0,0,0,0,0,0,1,0,0,0,0,0,1,0,0,0,0,0,0,3,3,0,0,0,0,3,FALSE,FALSE,FALSE,0,0,0,0,0,0,0,15,0,0,0,6,21,0%,0%,0%,100%,21,1,0,0,FALSE,FALSE,FALSE,0%,0,FALSE,FALSE,FALSE,100%,0,0,0,3,0,1,3
3197,5,0,0,0,0,0,0,0,0,0,0,0,0,0,0,0,0,0,0,0,0,0,0,0,0,0,0,FALSE,FALSE,FALSE,0,0,0,0,0,0,0,0,0,0,0,0,0,0%,0%,0%,0%,0,0,0,1,FALSE,FALSE,FALSE,FALSE,0,FALSE,FALSE,FALSE,FALSE,0,0,FALSE,FALSE,0,0,0
6318,5,0,0,0,0,0,0,0,0,0,0,0,0,1,0,0,2,1,3,2,0,0,0,0,0,0,0,FALSE,FALSE,FALSE,0,0,0,0,0,3,8,0,0,0,0,0,11,0%,40%,60%,0%,11,0,0,0,FALSE,FALSE,FALSE,FALSE,0,FALSE,50%,67%,FALSE,0,0,FALSE,3,0,0,5
5586,5,0,0,0,0,0,0,0,0,0,0,0,0,0,0,0,0,0,0,0,0,0,1,2,4,0,1,FALSE,FALSE,FALSE,0,0,0,0,0,0,0,0,0,24,0,2,26,0%,0%,0%,0%,26,0,0,0,FALSE,FALSE,FALSE,FALSE,0,FALSE,FALSE,FALSE,FALSE,0,3,FALSE,FALSE,3,0,0
4511,6,0,0,0,0,0,0,0,0,0,0,0,0,1,0,0,4,3,0,0,0,0,0,0,0,0,1,FALSE,FALSE,FALSE,0,0,0,0,0,9,0,0,0,0,0,2,11,0%,100%,0%,0%,11,0,0,0,FALSE,FALSE,FALSE,FALSE,0,FALSE,75%,FALSE,FALSE,0,0,FALSE,3,0,0,4
2861,6,0,0,0,0,0,0,1,1,0,0,0,0,1,0,0,0,0,0,0,3,3,1,1,2,0,1,FALSE,FALSE,FALSE,7,0,0,7,0,0,0,15,0,12,0,2,29,0%,0%,0%,100%,36,0,0,0,FALSE,FALSE,FALSE,100%,0,FALSE,FALSE,FALSE,100%,0,2,1,3,3,1,3
5826,6,0,0,0,0,0,0,1,1,0,0,0,0,1,0,0,0,0,5,4,0,0,1,0,1,0,1,FALSE,FALSE,FALSE,7,0,0,7,0,0,16,0,0,6,0,2,24,0%,0%,83%,17%,31,0,0,0,FALSE,FALSE,FALSE,100%,0,FALSE,FALSE,80%,FALSE,0,1,1,4,1,1,5
1619,6,0,0,1,1,0,0,2,1,0,0,0,0,1,0,0,0,0,6,3,7,7,0,2,0,0,3,FALSE,4,FALSE,7,0,0,11,0,0,12,35,0,0,0,6,53,0%,6%,38%,56%,64,1,0,0,FALSE,100%,FALSE,50%,0,FALSE,FALSE,50%,100%,0,2,2,10,2,3,13
8516,6,0,0,0,0,0,0,0,0,0,0,0,0,1,0,0,0,0,0,0,0,0,0,0,0,0,0,FALSE,FALSE,FALSE,0,0,0,0,0,0,0,0,0,0,0,0,0,0%,0%,0%,0%,0,0,0,1,FALSE,FALSE,FALSE,FALSE,0,FALSE,FALSE,FALSE,FALSE,0,0,FALSE,FALSE,0,0,0
4741,6,0,0,0,0,0,0,0,0,0,0,0,0,1,0,0,2,2,2,2,3,2,0,0,0,0,0,FALSE,FALSE,FALSE,0,0,0,0,0,6,8,10,0,0,0,0,24,0%,29%,29%,43%,24,0,0,0,FALSE,FALSE,FALSE,FALSE,0,FALSE,100%,100%,67%,0,0,FALSE,6,0,0,7
4607,7,0,0,0,0,0,0,1,0,0,0,0,0,1,0,0,3,3,3,2,2,2,1,0,0,0,1,FALSE,FALSE,FALSE,0,0,0,0,0,9,8,10,0,0,0,2,29,0%,33%,33%,33%,29,0,0,0,FALSE,FALSE,FALSE,0%,0,FALSE,100%,67%,100%,0,1,0,7,1,1,8
2847,7,0,0,0,0,0,0,3,2,0,0,0,0,1,0,0,1,0,4,3,4,3,0,0,0,0,3,FALSE,FALSE,FALSE,14,0,0,14,0,0,12,15,0,0,0,6,33,0%,8%,33%,58%,47,1,0,0,FALSE,FALSE,FALSE,67%,0,FALSE,0%,75%,75%,0,0,2,6,0,3,9
7864,7,0,0,0,0,0,0,0,0,0,0,0,0,1,0,0,0,0,0,0,0,0,0,0,0,0,0,FALSE,FALSE,FALSE,0,0,0,0,0,0,0,0,0,0,0,0,0,0%,0%,0%,0%,0,0,0,1,FALSE,FALSE,FALSE,FALSE,1,FALSE,FALSE,FALSE,FALSE,0,0,FALSE,FALSE,0,0,0
4674,7,1,1,0,0,0,0,0,0,0,0,0,0,1,12,11,0,0,0,0,0,0,0,0,0,0,0,3,FALSE,FALSE,0,0,0,3,22,0,0,0,0,0,0,0,22,100%,0%,0%,0%,25,0,0,0,100%,FALSE,FALSE,FALSE,0,92%,FALSE,FALSE,FALSE,0,0,1,11,0,1,12
4011,7,0,0,0,0,0,0,0,0,0,0,0,0,0,4,4,0,0,0,0,0,0,0,0,0,0,1,FALSE,FALSE,FALSE,0,0,0,0,8,0,0,0,0,0,0,2,10,100%,0%,0%,0%,10,0,0,0,FALSE,FALSE,FALSE,FALSE,1,100%,FALSE,FALSE,FALSE,0,0,FALSE,4,0,0,4
7797,7,1,0,0,0,0,0,0,0,0,0,0,0,1,0,0,0,0,3,2,0,0,0,1,0,0,3,0,FALSE,FALSE,0,0,0,0,0,0,8,0,0,0,0,6,14,25%,0%,75%,0%,14,1,0,0,0%,FALSE,FALSE,FALSE,0,FALSE,FALSE,67%,FALSE,0,1,0,2,2,1,3
1714,8,0,0,0,0,0,0,0,0,0,0,0,0,1,0,0,3,3,2,2,9,5,0,0,0,0,1,FALSE,FALSE,FALSE,0,0,0,0,0,9,8,25,0,0,0,2,44,0%,21%,14%,64%,44,0,0,0,FALSE,FALSE,FALSE,FALSE,0,FALSE,100%,100%,56%,0,0,FALSE,10,0,0,14
9532,8,1,0,0,0,0,0,0,0,0,0,0,0,1,10,8,0,0,0,0,0,0,0,0,0,0,1,0,FALSE,FALSE,0,0,0,0,16,0,0,0,0,0,0,2,18,100%,0%,0%,0%,18,0,0,0,0%,FALSE,FALSE,FALSE,0,80%,FALSE,FALSE,FALSE,0,0,0,8,0,1,10
3293,8,0,0,0,0,0,0,0,0,0,0,0,0,1,0,0,0,0,0,0,4,4,0,2,0,2,3,FALSE,FALSE,FALSE,0,0,0,0,0,0,0,20,8,0,0,6,34,0%,0%,0%,100%,34,1,0,0,FALSE,FALSE,FALSE,FALSE,0,FALSE,FALSE,FALSE,100%,0,2,FALSE,4,2,0,4
6421,8,0,0,1,1,1,0,0,0,0,0,0,0,1,1,1,1,1,3,2,0,0,1,1,0,0,0,FALSE,4,0,0,0,0,4,2,3,8,0,0,0,0,0,13,14%,29%,57%,0%,17,0,0,0,FALSE,100%,0%,FALSE,0,100%,100%,67%,FALSE,0,2,1,4,3,2,5
3267,8,0,0,0,0,0,0,0,0,0,0,0,0,1,5,4,0,0,2,0,0,0,0,0,0,0,1,FALSE,FALSE,FALSE,0,0,0,0,8,0,0,0,0,0,0,2,10,71%,0%,29%,0%,10,0,0,0,FALSE,FALSE,FALSE,FALSE,0,80%,FALSE,0%,FALSE,0,0,FALSE,4,0,0,7
6381,8,0,0,0,1,0,0,0,0,0,0,0,0,0,0,0,0,0,0,0,1,0,0,1,0,0,0,FALSE,FALSE,FALSE,0,0,0,0,0,0,0,0,0,0,0,0,0,0%,0%,0%,100%,0,0,0,0,FALSE,FALSE,FALSE,FALSE,0,FALSE,FALSE,FALSE,0%,0,1,FALSE,0,2,0,1
8122,9,0,0,0,0,0,0,0,0,0,0,0,0,1,0,0,0,0,5,5,3,2,1,0,0,0,3,FALSE,FALSE,FALSE,0,0,0,0,0,0,20,10,0,0,0,6,36,0%,0%,63%,38%,36,1,0,0,FALSE,FALSE,FALSE,FALSE,0,FALSE,FALSE,100%,67%,0,1,FALSE,7,1,0,8
4693,9,0,0,0,0,0,0,0,0,0,0,0,0,0,0,0,0,0,0,0,0,0,0,0,3,0,1,FALSE,FALSE,FALSE,0,0,0,0,0,0,0,0,0,18,0,2,20,0%,0%,0%,0%,20,0,0,0,FALSE,FALSE,FALSE,FALSE,0,FALSE,FALSE,FALSE,FALSE,0,0,FALSE,FALSE,0,0,0
2654,9,1,0,0,0,0,0,0,0,0,0,0,0,1,0,0,0,0,0,0,2,2,2,2,0,0,1,0,FALSE,FALSE,0,0,0,0,0,0,0,10,0,0,0,2,12,33%,0%,0%,67%,12,0,0,0,0%,FALSE,FALSE,FALSE,0,FALSE,FALSE,FALSE,100%,0,4,0,2,3,1,2
4181,9,0,0,1,1,0,0,0,0,0,0,0,0,1,0,0,0,0,3,1,2,0,0,0,0,0,0,FALSE,4,FALSE,0,0,0,4,0,0,4,0,0,0,0,0,4,0%,17%,50%,33%,8,0,0,0,FALSE,100%,FALSE,FALSE,0,FALSE,FALSE,33%,0%,0,0,1,1,0,1,5
2526,9,0,0,0,0,0,0,0,0,0,0,0,0,1,0,0,0,0,0,0,0,0,1,3,1,2,0,FALSE,FALSE,FALSE,0,0,0,0,0,0,0,0,8,6,0,0,14,0%,0%,0%,0%,14,0,0,0,FALSE,FALSE,FALSE,FALSE,0,FALSE,FALSE,FALSE,FALSE,0,4,FALSE,FALSE,3,0,0
5903,9,3,3,0,0,0,0,0,0,0,0,0,0,1,0,0,0,0,0,0,7,5,0,0,0,0,1,9,FALSE,FALSE,0,0,0,9,0,0,0,25,0,0,0,2,27,30%,0%,0%,70%,36,0,0,0,100%,FALSE,FALSE,FALSE,0,FALSE,FALSE,FALSE,71%,0,0,3,5,0,3,7
6217,10,0,0,0,0,0,0,0,0,0,0,0,0,1,0,0,1,1,1,1,0,0,0,0,0,0,0,FALSE,FALSE,FALSE,0,0,0,0,0,3,4,0,0,0,0,0,7,0%,50%,50%,0%,7,0,0,0,FALSE,FALSE,FALSE,FALSE,1,FALSE,100%,100%,FALSE,0,0,FALSE,2,0,0,2
1306,10,0,0,0,0,0,0,1,1,0,0,0,0,1,0,0,0,0,0,0,8,8,0,0,0,0,1,FALSE,FALSE,FALSE,7,0,0,7,0,0,0,40,0,0,0,2,42,0%,0%,0%,100%,49,0,0,0,FALSE,FALSE,FALSE,100%,0,FALSE,FALSE,FALSE,100%,0,0,1,8,0,1,8
7619,10,0,0,0,0,0,0,0,0,0,0,0,0,1,0,0,1,1,0,0,4,3,0,1,0,0,1,FALSE,FALSE,FALSE,0,0,0,0,0,3,0,15,0,0,0,2,20,0%,20%,0%,80%,20,0,0,0,FALSE,FALSE,FALSE,FALSE,0,FALSE,100%,FALSE,75%,0,1,FALSE,4,2,0,5
2143,10,0,0,0,0,0,0,1,1,0,0,0,0,1,0,0,0,0,0,0,11,7,0,0,0,0,0,FALSE,FALSE,FALSE,7,0,0,7,0,0,0,35,0,0,0,0,35,0%,0%,0%,100%,42,0,0,0,FALSE,FALSE,FALSE,100%,0,FALSE,FALSE,FALSE,64%,0,0,1,7,0,1,11
7038,10,0,0,0,0,0,0,0,0,0,0,0,0,0,0,0,0,0,0,0,0,0,0,0,0,0,1,FALSE,FALSE,FALSE,0,0,0,0,0,0,0,0,0,0,0,2,2,0%,0%,0%,0%,2,0,0,1,FALSE,FALSE,FALSE,FALSE,0,FALSE,FALSE,FALSE,FALSE,0,0,FALSE,FALSE,0,0,0
7235,10,0,0,0,0,0,0,0,0,0,0,0,0,1,0,0,0,0,0,0,0,0,0,0,1,0,3,FALSE,FALSE,FALSE,0,0,0,0,0,0,0,0,0,6,0,6,12,0%,0%,0%,0%,12,1,0,0,FALSE,FALSE,FALSE,FALSE,0,FALSE,FALSE,FALSE,FALSE,0,0,FALSE,FALSE,0,0,0
6318,11,0,0,0,0,0,0,0,0,0,0,0,0,0,0,0,1,1,6,1,0,0,0,0,0,0,1,FALSE,FALSE,FALSE,0,0,0,0,0,3,4,0,0,0,0,2,9,0%,14%,86%,0%,9,0,0,0,FALSE,FALSE,FALSE,FALSE,0,FALSE,100%,17%,FALSE,0,0,FALSE,2,0,0,7
2823,11,0,0,0,0,0,0,1,0,0,0,0,0,1,0,0,0,0,0,0,0,0,0,0,0,0,1,FALSE,FALSE,FALSE,0,0,0,0,0,0,0,0,0,0,0,2,2,0%,0%,0%,100%,2,0,0,0,FALSE,FALSE,FALSE,0%,1,FALSE,FALSE,FALSE,FALSE,0,0,0,FALSE,0,1,0
8422,11,0,0,0,0,0,0,0,0,0,0,0,0,1,0,0,0,0,0,0,0,0,4,3,6,0,3,FALSE,FALSE,FALSE,0,0,0,0,0,0,0,0,0,36,0,6,42,0%,0%,0%,0%,42,1,0,0,FALSE,FALSE,FALSE,FALSE,0,FALSE,FALSE,FALSE,FALSE,0,7,FALSE,FALSE,3,0,0
9578,11,0,0,0,0,0,0,0,0,0,0,0,0,1,0,0,0,0,0,0,1,1,0,0,0,1,1,FALSE,FALSE,FALSE,0,0,0,0,0,0,0,5,4,0,0,2,11,0%,0%,0%,100%,11,0,0,0,FALSE,FALSE,FALSE,FALSE,0,FALSE,FALSE,FALSE,100%,0,0,FALSE,1,0,0,1
6709,11,0,0,0,0,0,0,2,1,0,0,0,0,1,0,0,0,0,0,0,0,0,0,0,0,0,0,FALSE,FALSE,FALSE,7,0,0,7,0,0,0,0,0,0,0,0,0,0%,0%,0%,100%,7,0,0,0,FALSE,FALSE,FALSE,50%,1,FALSE,FALSE,FALSE,FALSE,0,0,1,FALSE,0,2,0
6574,11,0,0,0,0,0,0,0,0,0,0,0,0,1,0,0,0,0,0,0,7,6,0,0,0,0,3,FALSE,FALSE,FALSE,0,0,0,0,0,0,0,30,0,0,0,6,36,0%,0%,0%,100%,36,1,0,0,FALSE,FALSE,FALSE,FALSE,0,FALSE,FALSE,FALSE,86%,0,0,FALSE,6,0,0,7
6147,12,0,0,0,0,0,0,2,2,0,0,0,0,1,0,0,6,5,3,3,0,0,0,0,0,0,0,FALSE,FALSE,FALSE,14,0,0,14,0,15,12,0,0,0,0,0,27,0%,55%,27%,18%,41,0,0,0,FALSE,FALSE,FALSE,100%,0,FALSE,83%,100%,FALSE,0,0,2,8,0,2,9
3100,12,1,0,0,0,0,0,0,0,0,0,0,0,0,0,0,0,0,0,0,0,0,4,1,2,0,3,0,FALSE,FALSE,0,0,0,0,0,0,0,0,0,12,0,6,18,100%,0%,0%,0%,18,1,0,0,0%,FALSE,FALSE,FALSE,0,FALSE,FALSE,FALSE,FALSE,0,5,0,FALSE,3,1,0
7028,12,0,0,0,0,0,0,3,3,0,0,0,0,1,3,2,0,0,0,0,7,6,0,1,0,0,3,FALSE,FALSE,FALSE,21,0,0,21,4,0,0,30,0,0,0,6,40,23%,0%,0%,77%,61,1,0,0,FALSE,FALSE,FALSE,100%,0,67%,FALSE,FALSE,86%,0,1,3,8,2,3,10
4511,12,0,0,0,0,0,0,0,0,0,0,0,0,1,0,0,3,1,1,0,0,0,0,0,0,0,1,FALSE,FALSE,FALSE,0,0,0,0,0,3,0,0,0,0,0,2,5,0%,75%,25%,0%,5,0,0,0,FALSE,FALSE,FALSE,FALSE,0,FALSE,33%,0%,FALSE,0,0,FALSE,1,0,0,4
8836,12,0,0,0,0,0,0,0,0,0,0,0,0,0,0,0,0,0,0,0,0,0,0,0,0,0,0,FALSE,FALSE,FALSE,0,0,0,0,0,0,0,0,0,0,0,0,0,0%,0%,0%,0%,0,0,0,1,FALSE,FALSE,FALSE,FALSE,0,FALSE,FALSE,FALSE,FALSE,0,0,FALSE,FALSE,0,0,0
8516,12,1,0,0,0,0,0,0,0,0,0,0,0,1,1,1,0,0,6,3,0,0,2,0,0,0,0,0,FALSE,FALSE,0,0,0,0,2,0,12,0,0,0,0,0,14,25%,0%,75%,0%,14,0,0,0,0%,FALSE,FALSE,FALSE,0,100%,FALSE,50%,FALSE,0,2,0,4,1,1,7
3277,13,0,0,0,0,0,0,0,0,0,0,0,0,1,0,0,1,1,2,2,1,1,2,2,2,0,0,FALSE,FALSE,FALSE,0,0,0,0,0,3,8,5,0,12,0,0,28,0%,25%,50%,25%,28,0,0,0,FALSE,FALSE,FALSE,FALSE,0,FALSE,100%,100%,100%,0,4,FALSE,4,3,0,4
5826,13,0,0,0,0,0,0,1,1,0,0,0,0,1,0,0,0,0,1,1,4,4,0,0,0,0,0,FALSE,FALSE,FALSE,7,0,0,7,0,0,4,20,0,0,0,0,24,0%,0%,17%,83%,31,0,0,0,FALSE,FALSE,FALSE,100%,0,FALSE,FALSE,100%,100%,0,0,1,5,0,1,5
4607,13,0,0,0,0,0,0,3,0,0,0,0,0,1,0,0,3,3,3,3,3,3,0,0,0,0,1,FALSE,FALSE,FALSE,0,0,0,0,0,9,12,15,0,0,0,2,38,0%,25%,25%,50%,38,0,0,0,FALSE,FALSE,FALSE,0%,0,FALSE,100%,100%,100%,0,0,0,9,0,3,9
5653,13,0,0,0,0,0,0,1,0,0,0,0,0,1,0,0,0,0,0,0,6,6,0,0,0,0,1,FALSE,FALSE,FALSE,0,0,0,0,0,0,0,30,0,0,0,2,32,0%,0%,0%,100%,32,0,0,0,FALSE,FALSE,FALSE,0%,0,FALSE,FALSE,FALSE,100%,0,0,0,6,0,1,6
3291,13,0,0,0,0,0,0,0,0,0,0,0,0,1,0,0,0,0,0,0,2,1,2,1,0,0,1,FALSE,FALSE,FALSE,0,0,0,0,0,0,0,5,0,0,0,2,7,0%,0%,0%,100%,7,0,0,0,FALSE,FALSE,FALSE,FALSE,1,FALSE,FALSE,FALSE,50%,0,3,FALSE,1,3,0,2
5586,13,0,0,0,0,0,0,0,0,0,0,0,0,0,0,0,0,0,0,0,0,0,2,1,5,0,0,FALSE,FALSE,FALSE,0,0,0,0,0,0,0,0,0,30,0,0,30,0%,0%,0%,0%,30,0,0,0,FALSE,FALSE,FALSE,FALSE,0,FALSE,FALSE,FALSE,FALSE,0,3,FALSE,FALSE,3,0,0
3294,14,1,0,0,0,0,0,0,0,0,0,0,0,1,2,0,0,0,1,0,4,4,0,0,0,0,0,0,FALSE,FALSE,0,0,0,0,0,0,0,20,0,0,0,0,20,38%,0%,13%,50%,20,0,0,0,0%,FALSE,FALSE,FALSE,0,0%,FALSE,0%,100%,0,0,0,4,0,1,7
2847,14,0,0,0,0,0,0,3,3,0,0,0,0,1,0,0,0,0,3,3,6,6,1,0,1,0,1,FALSE,FALSE,FALSE,21,0,0,21,0,0,12,30,0,6,0,2,50,0%,0%,25%,75%,71,0,0,0,FALSE,FALSE,FALSE,100%,0,FALSE,FALSE,100%,100%,0,1,3,9,1,3,9
2846,14,0,0,0,0,0,0,0,0,0,0,0,0,0,0,0,0,0,0,0,0,0,0,0,0,0,0,FALSE,FALSE,FALSE,0,0,0,0,0,0,0,0,0,0,0,0,0,0%,0%,0%,0%,0,0,0,0,FALSE,FALSE,FALSE,FALSE,1,FALSE,FALSE,FALSE,FALSE,0,0,FALSE,FALSE,0,0,0
3381,14,0,0,0,0,0,0,0,0,0,0,0,0,1,0,0,0,0,0,0,0,0,0,0,0,0,0,FALSE,FALSE,FALSE,0,0,0,0,0,0,0,0,0,0,0,0,0,0%,0%,0%,0%,0,0,0,1,FALSE,FALSE,FALSE,FALSE,0,FALSE,FALSE,FALSE,FALSE,0,0,FALSE,FALSE,0,0,0
1732,14,0,0,0,0,0,0,4,1,0,0,0,0,0,0,0,0,0,0,0,10,6,0,0,0,0,0,FALSE,FALSE,FALSE,7,0,0,7,0,0,0,30,0,0,0,0,30,0%,0%,0%,100%,37,0,0,0,FALSE,FALSE,FALSE,25%,0,FALSE,FALSE,FALSE,60%,0,0,1,6,0,4,10
6421,14,0,0,0,0,0,0,0,0,1,0,0,0,1,0,0,0,0,3,3,1,1,1,0,0,0,1,FALSE,FALSE,FALSE,0,0,0,0,0,0,12,5,0,0,0,2,19,0%,0%,75%,25%,19,0,0,0,FALSE,FALSE,FALSE,FALSE,0,FALSE,FALSE,100%,100%,1,1,FALSE,4,1,0,4
2861,15,0,0,0,0,0,0,1,1,1,0,0,0,1,0,0,1,1,1,1,5,5,0,0,2,0,1,FALSE,FALSE,FALSE,7,0,0,7,0,3,4,25,0,12,0,2,46,0%,13%,13%,75%,53,0,0,1,FALSE,FALSE,FALSE,100%,0,FALSE,100%,100%,100%,1,0,1,7,0,1,7
3293,15,0,0,0,0,0,0,1,1,0,0,0,0,1,0,0,1,1,3,1,1,1,1,2,2,0,1,FALSE,FALSE,FALSE,7,0,0,7,0,3,4,5,0,12,0,2,26,0%,17%,50%,33%,33,0,0,0,FALSE,FALSE,FALSE,100%,0,FALSE,100%,33%,100%,0,3,1,3,3,1,5
1619,15,0,0,0,0,0,0,0,0,0,0,0,0,1,0,0,2,2,2,2,7,5,0,1,0,0,3,FALSE,FALSE,FALSE,0,0,0,0,0,6,8,25,0,0,0,6,45,0%,18%,18%,64%,45,1,0,0,FALSE,FALSE,FALSE,FALSE,0,FALSE,100%,100%,71%,0,1,FALSE,9,2,0,11
4011,15,0,0,0,0,0,0,0,0,0,0,0,0,0,1,1,1,0,1,0,0,0,0,0,0,0,0,FALSE,FALSE,FALSE,0,0,0,0,2,0,0,0,0,0,0,0,2,33%,33%,33%,0%,2,0,0,0,FALSE,FALSE,FALSE,FALSE,1,100%,0%,0%,FALSE,0,0,FALSE,1,0,0,3
2654,15,0,0,0,0,0,0,0,0,0,0,0,0,1,0,0,0,0,0,0,5,4,0,0,0,0,3,FALSE,FALSE,FALSE,0,0,0,0,0,0,0,20,0,0,0,6,26,0%,0%,0%,100%,26,1,0,0,FALSE,FALSE,FALSE,FALSE,0,FALSE,FALSE,FALSE,80%,0,0,FALSE,4,0,0,5
2526,15,0,0,0,0,0,0,0,0,0,0,0,0,1,0,0,0,0,0,0,0,0,2,1,3,1,0,FALSE,FALSE,FALSE,0,0,0,0,0,0,0,0,4,18,0,0,22,0%,0%,0%,0%,22,0,0,0,FALSE,FALSE,FALSE,FALSE,0,FALSE,FALSE,FALSE,FALSE,0,3,FALSE,FALSE,3,0,0
2181,16,0,0,0,0,0,0,0,0,0,0,0,0,1,0,0,0,0,1,0,6,6,0,0,0,0,0,FALSE,FALSE,FALSE,0,0,0,0,0,0,0,30,0,0,0,0,30,0%,0%,14%,86%,30,0,0,0,FALSE,FALSE,FALSE,FALSE,0,FALSE,FALSE,0%,100%,0,0,FALSE,6,0,0,7
4674,16,0,0,0,0,0,0,0,0,0,0,0,0,1,10,10,0,0,0,0,0,0,0,0,0,0,1,FALSE,FALSE,FALSE,0,0,0,0,20,0,0,0,0,0,0,2,22,100%,0%,0%,0%,22,0,0,0,FALSE,FALSE,FALSE,FALSE,0,100%,FALSE,FALSE,FALSE,0,0,FALSE,10,0,0,10
876,16,0,0,0,0,0,0,1,0,0,0,0,0,1,0,0,0,0,1,1,3,3,1,1,3,0,3,FALSE,FALSE,FALSE,0,0,0,0,0,0,4,15,0,18,0,6,43,0%,0%,20%,80%,43,1,0,0,FALSE,FALSE,FALSE,0%,0,FALSE,FALSE,100%,100%,0,2,0,4,3,1,4
8122,16,0,0,0,0,0,0,1,0,0,0,0,0,1,0,0,0,0,4,4,4,3,1,0,0,0,1,FALSE,FALSE,FALSE,0,0,0,0,0,0,16,15,0,0,0,2,33,0%,0%,44%,56%,33,0,0,0,FALSE,FALSE,FALSE,0%,0,FALSE,FALSE,100%,75%,0,1,0,7,1,1,8
4741,16,0,0,0,0,0,0,0,0,0,0,0,0,1,0,0,4,3,1,1,0,0,0,0,0,0,0,FALSE,FALSE,FALSE,0,0,0,0,0,9,4,0,0,0,0,0,13,0%,80%,20%,0%,13,0,0,0,FALSE,FALSE,FALSE,FALSE,0,FALSE,75%,100%,FALSE,0,0,FALSE,4,0,0,5
4656,17,0,0,0,0,1,1,0,0,0,0,0,0,1,0,0,0,0,5,2,0,0,2,1,0,0,3,FALSE,FALSE,6,0,0,0,6,0,0,8,0,0,0,0,6,14,0%,0%,100%,0%,20,1,0,0,FALSE,FALSE,100%,FALSE,0,FALSE,FALSE,40%,FALSE,0,3,1,2,3,1,5
3206,17,1,1,0,0,0,0,0,0,0,0,0,0,1,4,4,0,0,0,0,0,0,0,0,0,0,1,3,FALSE,FALSE,0,0,0,3,8,0,0,0,0,0,0,2,10,100%,0%,0%,0%,13,0,0,0,100%,FALSE,FALSE,FALSE,0,100%,FALSE,FALSE,FALSE,0,0,1,4,0,1,4
6381,17,0,0,0,0,0,0,0,0,0,0,0,0,0,0,0,0,0,0,0,0,0,0,0,0,0,0,FALSE,FALSE,FALSE,0,0,0,0,0,0,0,0,0,0,0,0,0,0%,0%,0%,0%,0,0,0,1,FALSE,FALSE,FALSE,FALSE,0,FALSE,FALSE,FALSE,FALSE,0,0,FALSE,FALSE,0,0,0
4693,17,0,0,0,0,0,0,0,0,0,0,0,0,1,0,0,0,0,0,0,3,3,0,0,0,0,0,FALSE,FALSE,FALSE,0,0,0,0,0,0,0,15,0,0,0,0,15,0%,0%,0%,100%,15,0,0,0,FALSE,FALSE,FALSE,FALSE,0,FALSE,FALSE,FALSE,100%,0,0,FALSE,3,0,0,3
4181,17,0,0,0,0,0,0,0,0,0,0,0,0,1,0,0,0,0,2,2,4,3,0,0,0,0,0,FALSE,FALSE,FALSE,0,0,0,0,0,0,8,15,0,0,0,0,23,0%,0%,33%,67%,23,0,0,0,FALSE,FALSE,FALSE,FALSE,0,FALSE,FALSE,100%,75%,0,0,FALSE,5,0,0,6
3197,18,0,0,0,0,0,0,1,0,0,0,0,0,1,0,0,0,0,0,0,12,10,0,2,0,0,1,FALSE,FALSE,FALSE,0,0,0,0,0,0,0,50,0,0,0,2,52,0%,0%,0%,100%,52,0,0,0,FALSE,FALSE,FALSE,0%,0,FALSE,FALSE,FALSE,83%,0,2,0,10,2,1,12
9532,18,0,0,0,0,0,0,0,0,0,0,0,0,1,9,7,0,0,0,0,0,0,0,0,0,0,1,FALSE,FALSE,FALSE,0,0,0,0,14,0,0,0,0,0,0,2,16,100%,0%,0%,0%,16,0,0,0,FALSE,FALSE,FALSE,FALSE,0,78%,FALSE,FALSE,FALSE,0,0,FALSE,7,0,0,9
10490,18,0,0,0,0,0,0,0,0,0,0,0,0,1,0,0,0,0,1,0,1,0,0,0,0,0,1,FALSE,FALSE,FALSE,0,0,0,0,0,0,0,0,0,0,0,2,2,0%,0%,50%,50%,2,0,0,0,FALSE,FALSE,FALSE,FALSE,0,FALSE,FALSE,0%,0%,0,0,FALSE,0,0,0,2
7797,18,0,0,0,0,0,0,0,0,0,0,0,0,0,0,0,0,0,2,2,0,0,2,1,0,0,3,FALSE,FALSE,FALSE,0,0,0,0,0,0,8,0,0,0,0,6,14,0%,0%,100%,0%,14,1,0,0,FALSE,FALSE,FALSE,FALSE,0,FALSE,FALSE,100%,FALSE,0,3,FALSE,2,3,0,2
5903,18,3,3,0,0,0,0,0,0,0,0,0,0,1,0,0,0,0,0,0,4,3,0,0,0,0,3,9,FALSE,FALSE,0,0,0,9,0,0,0,15,0,0,0,6,21,43%,0%,0%,57%,30,1,0,0,100%,FALSE,FALSE,FALSE,0,FALSE,FALSE,FALSE,75%,0,0,3,3,0,3,4
1714,18,0,0,0,0,0,0,0,0,0,0,0,0,1,0,0,1,1,1,3,6,6,0,0,0,0,0,FALSE,FALSE,FALSE,0,0,0,0,0,3,12,30,0,0,0,0,45,0%,13%,13%,75%,45,0,0,0,FALSE,FALSE,FALSE,FALSE,0,FALSE,100%,300%,100%,0,0,FALSE,10,0,0,8
4607,19,0,0,0,0,0,0,2,1,0,0,0,0,1,0,0,2,2,5,4,0,0,0,0,0,0,1,FALSE,FALSE,FALSE,7,0,0,7,0,6,16,0,0,0,0,2,24,0%,22%,56%,22%,31,0,0,0,FALSE,FALSE,FALSE,50%,0,FALSE,100%,80%,FALSE,0,0,1,6,0,2,7
6217,19,0,0,0,0,0,0,0,0,0,0,0,0,1,0,0,3,2,0,0,1,1,0,0,0,0,1,FALSE,FALSE,FALSE,0,0,0,0,0,6,0,5,0,0,0,2,13,0%,75%,0%,25%,13,0,0,0,FALSE,FALSE,FALSE,FALSE,0,FALSE,67%,FALSE,100%,0,0,FALSE,3,0,0,4
7028,19,0,0,0,0,0,0,2,2,0,0,0,0,1,0,0,0,0,0,0,9,7,0,0,0,0,1,FALSE,FALSE,FALSE,14,0,0,14,0,0,0,35,0,0,0,2,37,0%,0%,0%,100%,51,0,0,0,FALSE,FALSE,FALSE,100%,0,FALSE,FALSE,FALSE,78%,0,0,2,7,0,2,9
1306,19,0,0,0,0,0,0,1,1,0,0,0,0,1,0,0,4,4,0,0,4,4,0,0,0,0,1,FALSE,FALSE,FALSE,7,0,0,7,0,12,0,20,0,0,0,2,34,0%,44%,0%,56%,41,0,0,0,FALSE,FALSE,FALSE,100%,0,FALSE,100%,FALSE,100%,0,0,1,8,0,1,8
8422,19,0,0,0,0,0,0,0,0,0,0,0,0,1,0,0,0,0,0,0,0,0,1,1,2,0,3,FALSE,FALSE,FALSE,0,0,0,0,0,0,0,0,0,12,0,6,18,0%,0%,0%,0%,18,1,0,0,FALSE,FALSE,FALSE,FALSE,1,FALSE,FALSE,FALSE,FALSE,0,2,FALSE,FALSE,3,0,0
6147,19,0,0,0,0,0,0,0,0,0,0,0,0,1,0,0,2,1,0,0,0,0,0,0,0,0,0,FALSE,FALSE,FALSE,0,0,0,0,0,3,0,0,0,0,0,0,3,0%,100%,0%,0%,3,0,0,0,FALSE,FALSE,FALSE,FALSE,0,FALSE,50%,FALSE,FALSE,0,0,FALSE,1,0,0,2
3291,20,0,0,0,0,0,0,0,0,0,0,0,0,1,1,0,3,2,0,0,0,0,0,0,0,0,0,FALSE,FALSE,FALSE,0,0,0,0,0,6,0,0,0,0,0,0,6,25%,75%,0%,0%,6,0,0,0,FALSE,FALSE,FALSE,FALSE,0,0%,67%,FALSE,FALSE,0,0,FALSE,2,0,0,4
5826,20,0,0,0,0,0,0,1,0,0,0,0,0,1,0,0,0,0,1,0,3,3,0,0,0,0,0,FALSE,FALSE,FALSE,0,0,0,0,0,0,0,15,0,0,0,0,15,0%,0%,20%,80%,15,0,0,0,FALSE,FALSE,FALSE,0%,0,FALSE,FALSE,0%,100%,0,0,0,3,0,1,4
3100,20,0,0,0,0,0,0,0,0,0,1,0,1,0,0,0,0,0,0,0,0,0,2,3,0,7,3,FALSE,FALSE,FALSE,0,0,4,4,0,0,0,0,28,0,0,6,34,0%,0%,0%,0%,38,1,0,0,FALSE,FALSE,FALSE,FALSE,0,FALSE,FALSE,FALSE,FALSE,1,5,FALSE,FALSE,3,0,0
7619,20,0,0,0,0,0,0,0,0,0,0,0,0,1,0,0,1,1,0,0,3,1,0,0,0,0,0,FALSE,FALSE,FALSE,0,0,0,0,0,3,0,5,0,0,0,0,8,0%,25%,0%,75%,8,0,0,0,FALSE,FALSE,FALSE,FALSE,0,FALSE,100%,FALSE,33%,0,0,FALSE,2,0,0,4
6421,20,0,0,0,0,0,0,0,0,0,0,0,0,1,0,0,0,0,5,4,0,0,1,0,0,0,0,FALSE,FALSE,FALSE,0,0,0,0,0,0,16,0,0,0,0,0,16,0%,0%,100%,0%,16,0,0,0,FALSE,FALSE,FALSE,FALSE,0,FALSE,FALSE,80%,FALSE,0,1,FALSE,4,1,0,5
6318,20,0,0,0,0,0,0,0,0,0,0,0,0,1,2,2,0,0,3,3,0,0,1,1,2,0,0,FALSE,FALSE,FALSE,0,0,0,0,4,0,12,0,0,12,0,0,28,40%,0%,60%,0%,28,0,0,0,FALSE,FALSE,FALSE,FALSE,0,100%,FALSE,100%,FALSE,0,2,FALSE,5,3,0,5
2823,21,0,0,0,0,0,0,0,0,0,0,0,0,0,0,0,0,0,0,0,9,5,0,0,0,0,1,FALSE,FALSE,FALSE,0,0,0,0,0,0,0,25,0,0,0,2,27,0%,0%,0%,100%,27,0,0,0,FALSE,FALSE,FALSE,FALSE,0,FALSE,FALSE,FALSE,56%,0,0,FALSE,5,0,0,9
2526,21,0,0,0,0,0,0,0,0,0,0,0,0,1,0,0,0,0,0,0,0,0,0,0,7,0,1,FALSE,FALSE,FALSE,0,0,0,0,0,0,0,0,0,42,0,2,44,0%,0%,0%,0%,44,0,0,0,FALSE,FALSE,FALSE,FALSE,1,FALSE,FALSE,FALSE,FALSE,0,0,FALSE,FALSE,0,0,0
4511,21,0,0,0,0,0,0,0,0,0,0,0,0,1,0,0,4,4,0,0,0,0,0,0,0,0,1,FALSE,FALSE,FALSE,0,0,0,0,0,12,0,0,0,0,0,2,14,0%,100%,0%,0%,14,0,0,0,FALSE,FALSE,FALSE,FALSE,0,FALSE,100%,FALSE,FALSE,0,0,FALSE,4,0,0,4
4011,21,0,0,0,0,0,0,0,0,0,0,0,0,0,0,0,3,3,0,0,0,0,0,0,0,0,1,FALSE,FALSE,FALSE,0,0,0,0,0,9,0,0,0,0,0,2,11,0%,100%,0%,0%,11,0,0,0,FALSE,FALSE,FALSE,FALSE,0,FALSE,100%,FALSE,FALSE,0,0,FALSE,3,0,0,3
2847,21,0,0,0,0,0,0,3,2,0,0,0,0,0,0,0,1,0,2,2,8,8,0,0,0,0,3,FALSE,FALSE,FALSE,14,0,0,14,0,0,8,40,0,0,0,6,54,0%,7%,14%,79%,68,1,0,0,FALSE,FALSE,FALSE,67%,0,FALSE,0%,100%,100%,0,0,2,10,0,3,11
7235,21,0,0,0,0,0,0,0,0,0,0,0,0,1,0,0,0,0,0,0,0,0,0,0,0,0,1,FALSE,FALSE,FALSE,0,0,0,0,0,0,0,0,0,0,0,2,2,0%,0%,0%,0%,2,0,0,0,FALSE,FALSE,FALSE,FALSE,0,FALSE,FALSE,FALSE,FALSE,0,0,FALSE,FALSE,0,0,0
8516,22,1,0,0,0,0,0,0,0,0,0,0,0,1,1,1,5,4,0,0,0,0,0,0,0,0,1,0,FALSE,FALSE,0,0,0,0,2,12,0,0,0,0,0,2,16,29%,71%,0%,0%,16,0,0,0,0%,FALSE,FALSE,FALSE,0,100%,80%,FALSE,FALSE,0,0,0,5,0,1,6
6709,22,0,0,0,0,0,0,2,2,0,0,0,0,1,0,0,0,0,0,0,14,7,0,0,0,0,0,FALSE,FALSE,FALSE,14,0,0,14,0,0,0,35,0,0,0,0,35,0%,0%,0%,100%,49,0,0,0,FALSE,FALSE,FALSE,100%,0,FALSE,FALSE,FALSE,50%,0,0,2,7,0,2,14
5586,22,0,0,0,0,0,0,0,0,0,0,0,0,0,0,0,0,0,0,0,0,0,3,2,5,0,0,FALSE,FALSE,FALSE,0,0,0,0,0,0,0,0,0,30,0,0,30,0%,0%,0%,0%,30,0,0,1,FALSE,FALSE,FALSE,FALSE,0,FALSE,FALSE,FALSE,FALSE,0,5,FALSE,FALSE,3,0,0
3267,22,0,0,0,0,0,0,0,0,0,0,0,0,1,0,0,3,1,3,3,0,0,0,0,0,0,3,FALSE,FALSE,FALSE,0,0,0,0,0,3,12,0,0,0,0,6,21,0%,50%,50%,0%,21,1,0,0,FALSE,FALSE,FALSE,FALSE,0,FALSE,33%,100%,FALSE,0,0,FALSE,4,0,0,6
1732,22,0,0,0,0,0,0,4,0,0,0,0,0,1,0,0,0,0,0,0,9,7,0,0,0,0,3,FALSE,FALSE,FALSE,0,0,0,0,0,0,0,35,0,0,0,6,41,0%,0%,0%,100%,41,1,0,0,FALSE,FALSE,FALSE,0%,0,FALSE,FALSE,FALSE,78%,0,0,0,7,0,4,9
9578,22,0,0,0,0,0,0,0,0,0,0,0,0,1,0,0,0,0,0,0,0,0,3,0,3,0,1,FALSE,FALSE,FALSE,0,0,0,0,0,0,0,0,0,18,0,2,20,0%,0%,0%,0%,20,0,0,0,FALSE,FALSE,FALSE,FALSE,0,FALSE,FALSE,FALSE,FALSE,0,3,FALSE,FALSE,1,0,0
4674,23,0,0,0,0,0,0,0,0,0,0,0,0,1,14,13,0,0,0,0,0,0,0,0,0,0,2,FALSE,FALSE,FALSE,0,0,0,0,26,0,0,0,0,0,0,12,38,100%,0%,0%,0%,38,0,0,0,FALSE,FALSE,FALSE,FALSE,0,93%,FALSE,FALSE,FALSE,0,0,FALSE,13,0,0,14
3206,23,1,1,0,0,0,0,0,0,0,0,0,0,1,3,2,0,0,0,0,1,1,0,0,5,0,1,3,FALSE,FALSE,0,0,0,3,4,0,0,5,0,30,0,2,41,80%,0%,0%,20%,44,0,0,0,100%,FALSE,FALSE,FALSE,0,67%,FALSE,FALSE,100%,0,0,1,3,0,1,4
2846,23,0,0,0,0,0,0,0,0,0,0,0,0,1,0,0,0,0,0,0,0,0,0,1,0,0,0,FALSE,FALSE,FALSE,0,0,0,0,0,0,0,0,0,0,0,0,0,0%,0%,0%,0%,0,0,0,0,FALSE,FALSE,FALSE,FALSE,1,FALSE,FALSE,FALSE,FALSE,0,1,FALSE,FALSE,2,0,0
7038,23,0,0,0,0,0,0,0,0,0,0,0,0,1,0,0,0,0,0,0,0,0,0,0,0,0,0,FALSE,FALSE,FALSE,0,0,0,0,0,0,0,0,0,0,0,0,0,0%,0%,0%,0%,0,0,0,1,FALSE,FALSE,FALSE,FALSE,0,FALSE,FALSE,FALSE,FALSE,0,0,FALSE,FALSE,0,0,0
8836,23,0,0,0,0,0,0,0,0,0,0,0,0,0,0,0,0,0,0,0,0,0,0,0,0,0,0,FALSE,FALSE,FALSE,0,0,0,0,0,0,0,0,0,0,0,0,0,0%,0%,0%,0%,0,0,0,1,FALSE,FALSE,FALSE,FALSE,0,FALSE,FALSE,FALSE,FALSE,0,0,FALSE,FALSE,0,0,0
3293,23,0,0,0,0,0,0,0,0,0,0,0,0,1,0,0,0,0,0,0,6,6,0,0,0,0,3,FALSE,FALSE,FALSE,0,0,0,0,0,0,0,30,0,0,0,6,36,0%,0%,0%,100%,36,1,0,0,FALSE,FALSE,FALSE,FALSE,0,FALSE,FALSE,FALSE,100%,0,0,FALSE,6,0,0,6
876,24,0,0,0,0,0,0,0,0,0,0,0,0,1,0,0,0,0,0,0,8,8,1,0,0,0,3,FALSE,FALSE,FALSE,0,0,0,0,0,0,0,40,0,0,0,6,46,0%,0%,0%,100%,46,1,0,0,FALSE,FALSE,FALSE,FALSE,0,FALSE,FALSE,FALSE,100%,0,1,FALSE,8,1,0,8
2654,24,0,0,0,0,0,0,0,0,0,0,0,0,1,0,0,0,0,0,0,0,0,0,0,5,0,1,FALSE,FALSE,FALSE,0,0,0,0,0,0,0,0,0,30,0,2,32,0%,0%,0%,0%,32,0,0,0,FALSE,FALSE,FALSE,FALSE,0,FALSE,FALSE,FALSE,FALSE,0,0,FALSE,FALSE,0,0,0
6381,24,0,0,0,0,0,0,0,0,0,0,0,0,0,0,0,0,0,0,0,3,1,0,0,0,0,1,FALSE,FALSE,FALSE,0,0,0,0,0,0,0,5,0,0,0,2,7,0%,0%,0%,100%,7,0,0,0,FALSE,FALSE,FALSE,FALSE,1,FALSE,FALSE,FALSE,33%,0,0,FALSE,1,0,0,3
3197,24,0,0,0,0,0,0,1,0,0,0,0,0,1,0,0,3,3,4,4,4,3,0,0,0,0,0,FALSE,FALSE,FALSE,0,0,0,0,0,9,16,15,0,0,0,0,40,0%,25%,33%,42%,40,0,0,0,FALSE,FALSE,FALSE,0%,0,FALSE,100%,100%,75%,0,0,0,10,0,1,11
4693,24,0,0,0,0,0,0,0,0,0,0,0,0,1,0,0,0,0,0,0,0,0,0,0,4,0,0,FALSE,FALSE,FALSE,0,0,0,0,0,0,0,0,0,24,0,0,24,0%,0%,0%,0%,24,0,0,0,FALSE,FALSE,FALSE,FALSE,0,FALSE,FALSE,FALSE,FALSE,0,0,FALSE,FALSE,0,0,0
10490,24,0,0,0,0,0,0,0,0,0,0,0,0,1,0,0,0,0,4,4,0,0,1,1,0,0,1,FALSE,FALSE,FALSE,0,0,0,0,0,0,16,0,0,0,0,2,18,0%,0%,100%,0%,18,0,0,0,FALSE,FALSE,FALSE,FALSE,0,FALSE,FALSE,100%,FALSE,0,2,FALSE,4,3,0,4
4181,25,0,0,1,1,0,0,0,0,0,0,0,0,1,0,0,0,0,4,4,1,0,0,0,0,0,0,FALSE,4,FALSE,0,0,0,4,0,0,16,0,0,0,0,0,16,0%,17%,67%,17%,20,0,0,0,FALSE,100%,FALSE,FALSE,0,FALSE,FALSE,100%,0%,0,0,1,4,0,1,5
1714,25,0,0,0,0,0,0,0,0,0,0,0,0,1,0,0,1,1,0,0,8,4,0,0,0,0,1,FALSE,FALSE,FALSE,0,0,0,0,0,3,0,20,0,0,0,2,25,0%,11%,0%,89%,25,0,0,0,FALSE,FALSE,FALSE,FALSE,0,FALSE,100%,FALSE,50%,0,0,FALSE,5,0,0,9
2143,25,0,0,0,0,0,0,1,1,0,0,0,0,1,3,1,0,0,2,2,2,2,0,0,0,0,0,FALSE,FALSE,FALSE,7,0,0,7,2,0,8,10,0,0,0,0,20,38%,0%,25%,38%,27,0,0,0,FALSE,FALSE,FALSE,100%,0,33%,FALSE,100%,100%,0,0,1,5,0,1,7
3381,25,0,0,0,0,0,0,0,0,0,0,0,0,0,0,0,0,0,0,0,0,0,0,0,1,2,0,FALSE,FALSE,FALSE,0,0,0,0,0,0,0,0,8,6,0,0,14,0%,0%,0%,0%,14,0,0,0,FALSE,FALSE,FALSE,FALSE,0,FALSE,FALSE,FALSE,FALSE,0,0,FALSE,FALSE,0,0,0
4741,25,0,0,0,0,0,0,0,0,0,0,0,0,1,0,0,0,0,7,4,0,0,0,0,0,0,1,FALSE,FALSE,FALSE,0,0,0,0,0,0,16,0,0,0,0,2,18,0%,0%,100%,0%,18,0,0,0,FALSE,FALSE,FALSE,FALSE,0,FALSE,FALSE,57%,FALSE,0,0,FALSE,4,0,0,7
2861,25,0,0,0,0,0,0,1,1,0,0,0,0,1,0,0,1,0,0,0,6,6,1,2,2,0,1,FALSE,FALSE,FALSE,7,0,0,7,0,0,0,30,0,12,0,2,44,0%,13%,0%,88%,51,0,0,0,FALSE,FALSE,FALSE,100%,0,FALSE,0%,FALSE,100%,0,3,1,6,3,1,7
9532,26,0,0,0,0,0,0,0,0,0,0,0,0,1,13,10,0,0,0,0,0,0,0,0,0,0,1,FALSE,FALSE,FALSE,0,0,0,0,20,0,0,0,0,0,0,2,22,100%,0%,0%,0%,22,0,0,0,FALSE,FALSE,FALSE,FALSE,0,77%,FALSE,FALSE,FALSE,0,0,FALSE,10,0,0,13
2181,26,0,0,0,0,0,0,0,0,0,0,0,0,1,0,0,0,0,0,0,5,4,0,0,0,0,1,FALSE,FALSE,FALSE,0,0,0,0,0,0,0,20,0,0,0,2,22,0%,0%,0%,100%,22,0,0,0,FALSE,FALSE,FALSE,FALSE,0,FALSE,FALSE,FALSE,80%,0,0,FALSE,4,0,0,5
5903,26,2,1,0,0,0,0,0,0,0,0,0,0,1,0,0,1,0,0,0,4,4,0,0,0,0,1,3,FALSE,FALSE,0,0,0,3,0,0,0,20,0,0,0,2,22,29%,14%,0%,57%,25,0,0,0,50%,FALSE,FALSE,FALSE,0,FALSE,0%,FALSE,100%,0,0,1,4,0,2,5
7864,26,0,0,0,0,0,0,0,0,0,0,0,0,1,0,0,0,0,1,0,1,1,0,2,0,0,0,FALSE,FALSE,FALSE,0,0,0,0,0,0,0,5,0,0,0,0,5,0%,0%,50%,50%,5,0,0,0,FALSE,FALSE,FALSE,FALSE,0,FALSE,FALSE,0%,100%,0,2,FALSE,1,2,0,2
6574,26,0,0,0,0,0,0,0,0,0,0,0,0,1,1,0,0,0,0,0,1,1,0,0,0,0,3,FALSE,FALSE,FALSE,0,0,0,0,0,0,0,5,0,0,0,6,11,50%,0%,0%,50%,11,1,0,0,FALSE,FALSE,FALSE,FALSE,1,0%,FALSE,FALSE,100%,0,0,FALSE,1,0,0,2
5653,26,0,0,0,0,0,0,0,0,0,0,0,0,1,0,0,0,0,2,0,8,8,0,0,0,1,0,FALSE,FALSE,FALSE,0,0,0,0,0,0,0,40,4,0,0,0,44,0%,0%,20%,80%,44,0,0,0,FALSE,FALSE,FALSE,FALSE,0,FALSE,FALSE,0%,100%,0,0,FALSE,8,0,0,10
1619,27,0,0,1,1,0,0,0,0,0,0,0,0,1,0,0,1,1,3,3,9,9,1,1,0,0,0,FALSE,4,FALSE,0,0,0,4,0,3,12,45,0,0,0,0,60,0%,14%,21%,64%,64,0,0,0,FALSE,100%,FALSE,FALSE,0,FALSE,100%,100%,100%,0,2,1,13,3,1,13
4656,27,0,0,1,1,0,0,0,0,0,0,0,0,1,0,0,2,2,3,2,0,0,1,1,0,0,3,FALSE,4,FALSE,0,0,0,4,0,6,8,0,0,0,0,6,20,0%,50%,50%,0%,24,1,0,0,FALSE,100%,FALSE,FALSE,0,FALSE,100%,67%,FALSE,0,2,1,4,3,1,5
7797,27,0,0,0,0,0,0,0,0,0,0,0,0,0,6,3,0,0,0,0,0,0,0,0,0,0,3,FALSE,FALSE,FALSE,0,0,0,0,6,0,0,0,0,0,0,6,12,100%,0%,0%,0%,12,1,0,0,FALSE,FALSE,FALSE,FALSE,0,50%,FALSE,FALSE,FALSE,0,0,FALSE,3,0,0,6
3294,27,1,0,0,0,0,0,0,0,0,0,0,0,1,0,0,0,0,3,2,1,1,0,0,0,0,3,0,FALSE,FALSE,0,0,0,0,0,0,8,5,0,0,0,6,19,20%,0%,60%,20%,19,1,0,0,0%,FALSE,FALSE,FALSE,0,FALSE,FALSE,67%,100%,0,0,0,3,0,1,4
3277,27,0,0,0,0,0,0,0,0,0,0,0,0,1,0,0,1,1,0,0,9,6,0,0,0,0,0,FALSE,FALSE,FALSE,0,0,0,0,0,3,0,30,0,0,0,0,33,0%,10%,0%,90%,33,0,0,0,FALSE,FALSE,FALSE,FALSE,0,FALSE,100%,FALSE,67%,0,0,FALSE,7,0,0,10
8122,27,0,0,0,0,0,0,0,0,0,0,0,0,1,2,2,0,0,3,3,0,0,0,0,0,0,3,FALSE,FALSE,FALSE,0,0,0,0,4,0,12,0,0,0,0,6,22,40%,0%,60%,0%,22,1,0,0,FALSE,FALSE,FALSE,FALSE,0,100%,FALSE,100%,FALSE,0,0,FALSE,5,0,0,5
2526,28,0,0,0,0,0,0,0,0,0,0,0,0,1,0,0,0,0,0,0,0,0,2,2,4,4,1,FALSE,FALSE,FALSE,0,0,0,0,0,0,0,0,16,24,0,2,42,0%,0%,0%,0%,42,0,0,0,FALSE,FALSE,FALSE,FALSE,0,FALSE,FALSE,FALSE,FALSE,0,4,FALSE,FALSE,3,0,0
7028,28,0,0,0,0,0,0,0,0,0,0,0,0,1,0,0,0,0,4,3,9,4,0,0,0,0,3,FALSE,FALSE,FALSE,0,0,0,0,0,0,12,20,0,0,0,6,38,0%,0%,31%,69%,38,1,0,0,FALSE,FALSE,FALSE,FALSE,0,FALSE,FALSE,75%,44%,0,0,FALSE,7,0,0,13
1732,28,0,0,0,0,0,0,3,1,0,0,0,0,1,1,1,2,2,1,1,4,3,0,0,0,0,0,FALSE,FALSE,FALSE,7,0,0,7,2,6,4,15,0,0,0,0,27,9%,18%,9%,64%,34,0,0,0,FALSE,FALSE,FALSE,33%,0,100%,100%,100%,75%,0,0,1,7,0,3,8
4011,28,0,0,0,0,0,0,0,0,0,0,0,0,0,0,0,0,0,0,0,0,0,0,0,0,0,0,FALSE,FALSE,FALSE,0,0,0,0,0,0,0,0,0,0,0,0,0,0%,0%,0%,0%,0,0,0,0,FALSE,FALSE,FALSE,FALSE,0,FALSE,FALSE,FALSE,FALSE,0,0,FALSE,FALSE,0,0,0
6318,28,0,0,0,0,0,0,0,0,0,0,0,0,1,0,0,3,3,3,3,0,0,1,2,2,0,1,FALSE,FALSE,FALSE,0,0,0,0,0,9,12,0,0,12,0,2,35,0%,50%,50%,0%,35,0,0,0,FALSE,FALSE,FALSE,FALSE,0,FALSE,100%,100%,FALSE,0,3,FALSE,6,3,0,6
3267,28,0,0,0,0,0,0,0,0,0,0,0,0,1,0,0,2,1,2,2,3,3,1,0,0,0,1,FALSE,FALSE,FALSE,0,0,0,0,0,3,8,15,0,0,0,2,28,0%,29%,29%,43%,28,0,0,0,FALSE,FALSE,FALSE,FALSE,0,FALSE,50%,100%,100%,0,1,FALSE,6,1,0,7
2846,29,0,0,0,0,0,0,0,0,0,0,0,0,1,0,0,0,0,0,0,1,0,0,0,0,0,0,FALSE,FALSE,FALSE,0,0,0,0,0,0,0,0,0,0,0,0,0,0%,0%,0%,100%,0,0,0,0,FALSE,FALSE,FALSE,FALSE,1,FALSE,FALSE,FALSE,0%,0,0,FALSE,0,0,0,1
6709,29,0,0,0,0,0,0,2,1,0,0,0,0,1,0,0,0,0,0,0,8,5,0,0,0,0,1,FALSE,FALSE,FALSE,7,0,0,7,0,0,0,25,0,0,0,2,27,0%,0%,0%,100%,34,0,0,0,FALSE,FALSE,FALSE,50%,0,FALSE,FALSE,FALSE,63%,0,0,1,5,0,2,8
4607,29,0,0,0,0,0,0,2,0,0,0,0,0,1,0,0,0,0,1,1,5,3,0,0,0,0,1,FALSE,FALSE,FALSE,0,0,0,0,0,0,4,15,0,0,0,2,21,0%,0%,13%,88%,21,0,0,0,FALSE,FALSE,FALSE,0%,0,FALSE,FALSE,100%,60%,0,0,0,4,0,2,6
4511,29,0,0,0,0,0,0,0,0,0,0,0,0,1,0,0,3,2,0,0,0,0,0,0,0,0,1,FALSE,FALSE,FALSE,0,0,0,0,0,6,0,0,0,0,0,2,8,0%,100%,0%,0%,8,0,0,0,FALSE,FALSE,FALSE,FALSE,0,FALSE,67%,FALSE,FALSE,0,0,FALSE,2,0,0,3
3206,29,1,1,0,0,0,0,0,0,0,0,0,0,1,4,4,0,0,0,0,0,0,0,0,3,0,1,3,FALSE,FALSE,0,0,0,3,8,0,0,0,0,18,0,2,28,100%,0%,0%,0%,31,0,0,0,100%,FALSE,FALSE,FALSE,0,100%,FALSE,FALSE,FALSE,0,0,1,4,0,1,4
6217,29,0,0,0,0,0,0,0,0,0,0,0,0,1,0,0,0,0,0,0,1,1,0,0,0,0,1,FALSE,FALSE,FALSE,0,0,0,0,0,0,0,5,0,0,0,2,7,0%,0%,0%,100%,7,0,0,0,FALSE,FALSE,FALSE,FALSE,1,FALSE,FALSE,FALSE,100%,0,0,FALSE,1,0,0,1
10490,30,0,0,0,0,0,0,0,0,0,0,0,0,1,0,0,0,0,6,4,0,0,0,0,0,0,1,FALSE,FALSE,FALSE,0,0,0,0,0,0,16,0,0,0,0,2,18,0%,0%,100%,0%,18,0,0,0,FALSE,FALSE,FALSE,FALSE,0,FALSE,FALSE,67%,FALSE,0,0,FALSE,4,0,0,6
8422,30,0,0,0,0,0,0,0,0,0,0,0,0,1,0,0,0,0,3,1,0,0,1,1,7,0,1,FALSE,FALSE,FALSE,0,0,0,0,0,0,4,0,0,42,0,2,48,0%,0%,100%,0%,48,0,0,0,FALSE,FALSE,FALSE,FALSE,0,FALSE,FALSE,33%,FALSE,0,2,FALSE,1,3,0,3
2847,30,0,0,0,0,0,0,3,1,0,0,0,0,1,0,0,0,0,2,1,9,9,0,0,0,0,3,FALSE,FALSE,FALSE,7,0,0,7,0,0,4,45,0,0,0,6,55,0%,0%,14%,86%,62,1,0,0,FALSE,FALSE,FALSE,33%,0,FALSE,FALSE,50%,100%,0,0,1,10,0,3,11
5586,30,0,0,0,1,0,0,0,0,0,0,0,0,0,0,0,0,0,0,0,0,0,0,0,0,0,0,FALSE,FALSE,FALSE,0,0,0,0,0,0,0,0,0,0,0,0,0,0%,0%,0%,0%,0,0,0,1,FALSE,FALSE,FALSE,FALSE,0,FALSE,FALSE,FALSE,FALSE,0,0,FALSE,FALSE,0,0,0
3100,30,1,1,0,0,0,0,0,0,0,1,0,1,1,0,0,0,0,0,0,0,0,2,3,0,8,3,3,FALSE,FALSE,0,0,4,7,0,0,0,0,32,0,0,6,38,100%,0%,0%,0%,45,1,0,0,100%,FALSE,FALSE,FALSE,0,FALSE,FALSE,FALSE,FALSE,1,5,1,FALSE,3,1,0
6381,30,0,0,0,0,0,0,0,0,0,0,0,0,1,0,0,0,0,0,0,5,2,0,0,0,0,0,FALSE,FALSE,FALSE,0,0,0,0,0,0,0,10,0,0,0,0,10,0%,0%,0%,100%,10,0,0,0,FALSE,FALSE,FALSE,FALSE,0,FALSE,FALSE,FALSE,40%,0,0,FALSE,2,0,0,5
3197,31,1,1,0,0,0,0,2,1,0,0,0,0,1,0,0,0,0,0,0,7,6,2,2,1,0,1,3,FALSE,FALSE,7,0,0,10,0,0,0,30,0,6,0,2,38,10%,0%,0%,90%,48,0,0,0,100%,FALSE,FALSE,50%,0,FALSE,FALSE,FALSE,86%,0,4,2,6,3,3,7
3293,31,1,1,0,0,0,0,0,0,0,0,0,0,0,0,0,0,0,3,3,5,4,0,1,0,0,3,3,FALSE,FALSE,0,0,0,3,0,0,12,20,0,0,0,6,38,11%,0%,33%,56%,41,1,0,0,100%,FALSE,FALSE,FALSE,0,FALSE,FALSE,100%,80%,0,1,1,7,2,1,8
4181,31,0,0,0,0,0,0,0,0,0,0,0,0,1,0,0,0,0,0,0,1,0,0,0,0,0,1,FALSE,FALSE,FALSE,0,0,0,0,0,0,0,0,0,0,0,2,2,0%,0%,0%,100%,2,0,0,0,FALSE,FALSE,FALSE,FALSE,1,FALSE,FALSE,FALSE,0%,0,0,FALSE,0,0,0,1
6147,31,0,0,0,0,0,0,0,0,0,0,0,0,0,0,0,0,0,0,0,0,0,0,0,0,0,0,FALSE,FALSE,FALSE,0,0,0,0,0,0,0,0,0,0,0,0,0,0%,0%,0%,0%,0,0,0,1,FALSE,FALSE,FALSE,FALSE,0,FALSE,FALSE,FALSE,FALSE,0,0,FALSE,FALSE,0,0,0
2823,31,0,0,0,0,0,0,0,0,0,0,0,0,1,0,0,0,0,0,0,1,1,0,0,0,0,1,FALSE,FALSE,FALSE,0,0,0,0,0,0,0,5,0,0,0,2,7,0%,0%,0%,100%,7,0,0,1,FALSE,FALSE,FALSE,FALSE,0,FALSE,FALSE,FALSE,100%,0,0,FALSE,1,0,0,1
5826,31,0,0,0,0,0,0,0,0,0,0,0,0,1,0,0,0,0,0,0,4,3,1,1,1,0,1,FALSE,FALSE,FALSE,0,0,0,0,0,0,0,15,0,6,0,2,23,0%,0%,0%,100%,23,0,0,0,FALSE,FALSE,FALSE,FALSE,0,FALSE,FALSE,FALSE,75%,0,2,FALSE,3,3,0,4
9532,32,1,1,0,0,0,0,0,0,0,0,0,0,1,3,0,0,0,0,0,0,0,0,0,0,0,1,3,FALSE,FALSE,0,0,0,3,0,0,0,0,0,0,0,2,2,100%,0%,0%,0%,5,0,0,1,100%,FALSE,FALSE,FALSE,0,0%,FALSE,FALSE,FALSE,0,0,1,0,0,1,3
3291,32,0,0,0,0,0,0,0,0,0,0,0,0,1,0,0,0,0,0,0,2,1,2,3,2,0,1,FALSE,FALSE,FALSE,0,0,0,0,0,0,0,5,0,12,0,2,19,0%,0%,0%,100%,19,0,0,0,FALSE,FALSE,FALSE,FALSE,0,FALSE,FALSE,FALSE,50%,0,5,FALSE,1,3,0,2
7038,32,0,0,0,0,0,0,0,0,0,0,0,0,1,0,0,0,0,0,0,0,0,0,0,0,0,0,FALSE,FALSE,FALSE,0,0,0,0,0,0,0,0,0,0,0,0,0,0%,0%,0%,0%,0,0,0,1,FALSE,FALSE,FALSE,FALSE,0,FALSE,FALSE,FALSE,FALSE,0,0,FALSE,FALSE,0,0,0
3381,32,0,0,0,0,0,0,0,0,0,0,0,0,1,0,0,0,0,0,0,0,0,0,0,0,0,0,FALSE,FALSE,FALSE,0,0,0,0,0,0,0,0,0,0,0,0,0,0%,0%,0%,0%,0,0,0,1,FALSE,FALSE,FALSE,FALSE,1,FALSE,FALSE,FALSE,FALSE,0,0,FALSE,FALSE,0,0,0
8516,32,0,0,0,0,0,0,0,0,0,0,0,0,0,0,1,3,2,2,2,0,0,0,1,0,0,1,FALSE,FALSE,FALSE,0,0,0,0,2,6,8,0,0,0,0,2,18,0%,60%,40%,0%,18,0,0,0,FALSE,FALSE,FALSE,FALSE,0,FALSE,67%,100%,FALSE,0,1,FALSE,5,2,0,5
2181,32,0,0,0,0,0,0,1,1,0,0,0,0,1,0,0,0,0,0,0,7,5,0,0,0,0,3,FALSE,FALSE,FALSE,7,0,0,7,0,0,0,25,0,0,0,6,31,0%,0%,0%,100%,38,1,0,0,FALSE,FALSE,FALSE,100%,0,FALSE,FALSE,FALSE,71%,0,0,1,5,0,1,7
7619,33,0,0,0,0,0,0,0,0,0,0,0,0,1,0,0,0,0,0,0,1,1,1,0,0,0,1,FALSE,FALSE,FALSE,0,0,0,0,0,0,0,5,0,0,0,2,7,0%,0%,0%,100%,7,0,0,0,FALSE,FALSE,FALSE,FALSE,0,FALSE,FALSE,FALSE,100%,0,1,FALSE,1,1,0,1
5653,33,0,0,0,0,0,0,1,0,0,0,0,0,1,0,0,0,0,0,0,6,6,1,2,0,0,1,FALSE,FALSE,FALSE,0,0,0,0,0,0,0,30,0,0,0,2,32,0%,0%,0%,100%,32,0,0,0,FALSE,FALSE,FALSE,0%,0,FALSE,FALSE,FALSE,100%,0,3,0,6,3,1,6
7797,33,1,0,0,0,0,0,0,0,0,0,0,0,1,0,0,1,1,3,3,0,0,0,0,0,0,3,0,FALSE,FALSE,0,0,0,0,0,3,12,0,0,0,0,6,21,20%,20%,60%,0%,21,1,0,0,0%,FALSE,FALSE,FALSE,0,FALSE,100%,100%,FALSE,0,0,0,4,0,1,4
4741,33,0,0,0,0,0,0,0,0,0,0,0,0,1,0,0,0,0,1,1,6,3,0,0,0,0,1,FALSE,FALSE,FALSE,0,0,0,0,0,0,4,15,0,0,0,2,21,0%,0%,14%,86%,21,0,0,0,FALSE,FALSE,FALSE,FALSE,0,FALSE,FALSE,100%,50%,0,0,FALSE,4,0,0,7
4656,33,0,0,1,1,0,0,0,0,0,0,0,0,1,0,0,1,1,4,4,0,0,0,3,0,0,3,FALSE,4,FALSE,0,0,0,4,0,3,16,0,0,0,0,6,25,0%,33%,67%,0%,29,1,0,0,FALSE,100%,FALSE,FALSE,0,FALSE,100%,100%,FALSE,0,3,1,5,2,1,5
2654,33,1,0,0,0,0,0,0,1,0,0,0,0,1,0,0,2,0,0,0,2,2,0,0,0,0,3,0,FALSE,FALSE,7,0,0,7,0,0,0,10,0,0,0,6,16,20%,40%,0%,40%,23,1,0,0,0%,FALSE,FALSE,FALSE,0,FALSE,0%,FALSE,100%,0,0,1,2,0,1,4
1306,34,0,0,0,0,0,0,1,1,0,0,0,0,1,6,6,1,0,0,0,0,0,0,0,0,0,0,FALSE,FALSE,FALSE,7,0,0,7,12,0,0,0,0,0,0,0,12,75%,13%,0%,13%,19,0,0,1,FALSE,FALSE,FALSE,100%,0,100%,0%,FALSE,FALSE,0,0,1,6,0,1,7
876,34,0,0,0,0,0,0,0,0,0,0,0,0,0,0,0,2,2,1,1,5,4,2,1,0,0,1,FALSE,FALSE,FALSE,0,0,0,0,0,6,4,20,0,0,0,2,32,0%,25%,13%,63%,32,0,0,0,FALSE,FALSE,FALSE,FALSE,0,FALSE,100%,100%,80%,0,3,FALSE,7,3,0,8
1619,34,0,0,0,0,0,0,3,2,0,0,0,0,0,0,0,4,3,5,5,6,5,0,0,0,0,3,FALSE,FALSE,FALSE,14,0,0,14,0,9,20,25,0,0,0,6,60,0%,22%,28%,50%,74,1,0,0,FALSE,FALSE,FALSE,67%,0,FALSE,75%,100%,83%,0,0,2,13,0,3,15
7864,34,0,0,0,0,0,0,0,0,0,0,0,0,1,0,0,0,0,0,0,0,0,0,0,0,0,0,FALSE,FALSE,FALSE,0,0,0,0,0,0,0,0,0,0,0,0,0,0%,0%,0%,0%,0,0,0,1,FALSE,FALSE,FALSE,FALSE,0,FALSE,FALSE,FALSE,FALSE,0,0,FALSE,FALSE,0,0,0
9578,34,0,0,0,0,0,0,0,0,0,0,0,0,1,0,0,0,0,0,0,0,0,2,0,0,1,1,FALSE,FALSE,FALSE,0,0,0,0,0,0,0,0,4,0,0,2,6,0%,0%,0%,0%,6,0,0,0,FALSE,FALSE,FALSE,FALSE,0,FALSE,FALSE,FALSE,FALSE,0,2,FALSE,FALSE,1,0,0
6421,34,0,0,1,0,0,0,0,0,0,0,0,0,1,0,0,5,5,2,0,0,0,0,1,0,0,1,FALSE,0,FALSE,0,0,0,0,0,15,0,0,0,0,0,2,17,0%,75%,25%,0%,17,0,0,0,FALSE,0%,FALSE,FALSE,0,FALSE,100%,0%,FALSE,0,1,0,5,2,1,7
6574,35,0,0,0,0,0,0,0,0,0,0,0,0,1,0,0,0,0,0,0,1,0,0,0,0,0,1,FALSE,FALSE,FALSE,0,0,0,0,0,0,0,0,0,0,0,2,2,0%,0%,0%,100%,2,0,0,0,FALSE,FALSE,FALSE,FALSE,1,FALSE,FALSE,FALSE,0%,0,0,FALSE,0,0,0,1
4693,35,0,0,0,0,0,0,0,0,0,0,0,0,1,0,0,0,0,0,0,0,0,0,0,4,0,0,FALSE,FALSE,FALSE,0,0,0,0,0,0,0,0,0,24,0,0,24,0%,0%,0%,0%,24,0,0,0,FALSE,FALSE,FALSE,FALSE,0,FALSE,FALSE,FALSE,FALSE,0,0,FALSE,FALSE,0,0,0
4674,35,1,1,0,0,0,0,0,0,0,0,0,0,1,12,11,0,0,0,0,0,0,1,0,0,0,3,3,FALSE,FALSE,0,0,0,3,22,0,0,0,0,0,0,6,28,100%,0%,0%,0%,31,1,0,0,100%,FALSE,FALSE,FALSE,0,92%,FALSE,FALSE,FALSE,0,1,1,11,1,1,12
3294,35,0,0,0,0,0,0,0,0,0,0,0,0,1,0,0,0,0,0,0,2,1,0,1,0,0,3,FALSE,FALSE,FALSE,0,0,0,0,0,0,0,5,0,0,0,6,11,0%,0%,0%,100%,11,1,0,0,FALSE,FALSE,FALSE,FALSE,0,FALSE,FALSE,FALSE,50%,0,1,FALSE,1,2,0,2
1714,35,0,0,0,0,0,0,1,0,0,0,0,0,1,0,0,0,0,1,1,7,4,0,0,0,0,0,FALSE,FALSE,FALSE,0,0,0,0,0,0,4,20,0,0,0,0,24,0%,0%,11%,89%,24,0,0,0,FALSE,FALSE,FALSE,0%,0,FALSE,FALSE,100%,57%,0,0,0,5,0,1,8
7235,35,0,0,0,0,0,0,0,0,0,0,0,0,0,0,0,0,0,0,0,0,0,0,0,0,0,3,FALSE,FALSE,FALSE,0,0,0,0,0,0,0,0,0,0,0,6,6,0%,0%,0%,0%,6,1,0,0,FALSE,FALSE,FALSE,FALSE,0,FALSE,FALSE,FALSE,FALSE,0,0,FALSE,FALSE,0,0,0
5903,36,2,2,0,0,0,0,0,0,0,0,0,0,0,0,0,0,0,0,0,0,0,0,0,0,0,0,6,FALSE,FALSE,0,0,0,6,0,0,0,0,0,0,0,0,0,100%,0%,0%,0%,6,0,0,1,100%,FALSE,FALSE,FALSE,0,FALSE,FALSE,FALSE,FALSE,0,0,2,FALSE,0,2,0
8122,36,2,1,0,0,0,0,0,0,0,0,0,0,1,0,0,0,0,0,0,9,5,1,1,0,0,3,3,FALSE,FALSE,0,0,0,3,0,0,0,25,0,0,0,6,31,18%,0%,0%,82%,34,1,0,0,50%,FALSE,FALSE,FALSE,0,FALSE,FALSE,FALSE,56%,0,2,1,5,3,2,9
8836,36,0,0,0,0,0,0,0,0,0,0,0,0,1,0,0,0,0,0,0,0,0,0,0,0,0,1,FALSE,FALSE,FALSE,0,0,0,0,0,0,0,0,0,0,0,2,2,0%,0%,0%,0%,2,0,0,0,FALSE,FALSE,FALSE,FALSE,1,FALSE,FALSE,FALSE,FALSE,0,0,FALSE,FALSE,0,0,0
3277,36,0,0,0,0,0,0,0,0,0,0,0,0,1,0,0,2,2,1,1,3,1,0,0,0,0,1,FALSE,FALSE,FALSE,0,0,0,0,0,6,4,5,0,0,0,2,17,0%,33%,17%,50%,17,0,0,0,FALSE,FALSE,FALSE,FALSE,0,FALSE,100%,100%,33%,0,0,FALSE,4,0,0,6
2861,36,0,0,0,0,0,0,1,0,0,0,0,0,0,0,0,0,0,2,2,3,3,0,1,0,0,3,FALSE,FALSE,FALSE,0,0,0,0,0,0,8,15,0,0,0,6,29,0%,0%,33%,67%,29,1,0,0,FALSE,FALSE,FALSE,0%,0,FALSE,FALSE,100%,100%,0,1,0,5,2,1,5
2143,36,0,0,0,0,0,0,0,0,0,0,0,0,1,0,0,1,1,1,1,3,2,0,0,0,0,0,FALSE,FALSE,FALSE,0,0,0,0,0,3,4,10,0,0,0,0,17,0%,20%,20%,60%,17,0,0,0,FALSE,FALSE,FALSE,FALSE,0,FALSE,100%,100%,67%,0,0,FALSE,4,0,0,5
3197,37,0,0,0,0,0,0,1,0,1,0,0,0,0,2,0,1,1,5,5,7,6,0,0,0,0,0,FALSE,FALSE,FALSE,0,0,0,0,0,3,20,30,0,0,0,0,53,13%,6%,31%,50%,53,0,0,0,FALSE,FALSE,FALSE,0%,0,0%,100%,100%,86%,1,0,0,12,0,1,15
2847,37,0,0,0,0,0,0,1,1,0,0,0,0,1,0,0,4,3,4,4,5,4,0,0,0,0,3,FALSE,FALSE,FALSE,7,0,0,7,0,9,16,20,0,0,0,6,51,0%,29%,29%,43%,58,1,0,0,FALSE,FALSE,FALSE,100%,0,FALSE,75%,100%,80%,0,0,1,11,0,1,13
3100,37,0,0,0,0,0,0,0,0,0,1,0,1,1,0,0,0,0,0,0,0,0,2,1,0,8,3,FALSE,FALSE,FALSE,0,0,4,4,0,0,0,0,32,0,0,6,38,0%,0%,0%,0%,42,1,0,0,FALSE,FALSE,FALSE,FALSE,1,FALSE,FALSE,FALSE,FALSE,1,3,FALSE,FALSE,3,0,0
3267,37,0,0,0,0,0,0,0,0,0,0,0,0,1,0,0,0,0,0,0,0,0,0,0,0,0,0,FALSE,FALSE,FALSE,0,0,0,0,0,0,0,0,0,0,0,0,0,0%,0%,0%,0%,0,0,0,1,FALSE,FALSE,FALSE,FALSE,0,FALSE,FALSE,FALSE,FALSE,0,0,FALSE,FALSE,0,0,0
7028,37,0,0,0,0,0,0,3,2,0,0,0,0,1,6,4,0,0,0,0,5,4,0,0,0,0,3,FALSE,FALSE,FALSE,14,0,0,14,8,0,0,20,0,0,0,6,34,43%,0%,0%,57%,48,1,0,0,FALSE,FALSE,FALSE,67%,0,67%,FALSE,FALSE,80%,0,0,2,8,0,3,11
3293,37,1,0,0,0,0,0,0,0,0,0,0,0,0,0,0,3,3,5,5,0,0,1,1,0,1,0,0,FALSE,FALSE,0,0,0,0,0,9,20,0,4,0,0,0,33,11%,33%,56%,0%,33,0,0,0,0%,FALSE,FALSE,FALSE,0,FALSE,100%,100%,FALSE,0,2,0,8,3,1,8
4011,38,0,0,0,0,0,0,0,0,0,0,0,0,1,0,0,0,0,0,0,0,0,0,0,0,0,1,FALSE,FALSE,FALSE,0,0,0,0,0,0,0,0,0,0,0,2,2,0%,0%,0%,0%,2,0,0,0,FALSE,FALSE,FALSE,FALSE,1,FALSE,FALSE,FALSE,FALSE,0,0,FALSE,FALSE,0,0,0
3206,38,1,1,0,0,0,0,0,0,0,0,0,0,1,2,2,0,0,0,0,0,0,0,0,1,0,1,3,FALSE,FALSE,0,0,0,3,4,0,0,0,0,6,0,2,12,100%,0%,0%,0%,15,0,0,0,100%,FALSE,FALSE,FALSE,0,100%,FALSE,FALSE,FALSE,0,0,1,2,0,1,2
10490,38,0,0,0,0,0,0,0,0,0,0,0,0,1,0,0,0,0,1,1,1,0,2,3,0,0,0,FALSE,FALSE,FALSE,0,0,0,0,0,0,4,0,0,0,0,0,4,0%,0%,50%,50%,4,0,0,1,FALSE,FALSE,FALSE,FALSE,0,FALSE,FALSE,100%,0%,0,5,FALSE,1,3,0,2
6217,38,0,0,0,0,0,0,0,0,0,0,0,0,1,0,0,0,0,0,0,0,0,0,0,0,0,1,FALSE,FALSE,FALSE,0,0,0,0,0,0,0,0,0,0,0,2,2,0%,0%,0%,0%,2,0,0,0,FALSE,FALSE,FALSE,FALSE,1,FALSE,FALSE,FALSE,FALSE,0,0,FALSE,FALSE,0,0,0
8516,38,0,0,0,0,0,0,0,0,0,0,0,0,1,1,1,4,1,2,2,0,0,1,0,0,0,1,FALSE,FALSE,FALSE,0,0,0,0,2,3,8,0,0,0,0,2,15,14%,57%,29%,0%,15,0,0,0,FALSE,FALSE,FALSE,FALSE,0,100%,25%,100%,FALSE,0,1,FALSE,4,1,0,7
6318,38,0,0,0,0,0,0,0,0,0,0,0,0,1,0,0,0,0,9,3,0,0,0,1,0,0,0,FALSE,FALSE,FALSE,0,0,0,0,0,0,12,0,0,0,0,0,12,0%,0%,100%,0%,12,0,0,0,FALSE,FALSE,FALSE,FALSE,0,FALSE,FALSE,33%,FALSE,0,1,FALSE,3,2,0,9
1732,39,0,0,0,0,0,0,3,1,0,0,0,0,1,0,0,0,0,0,0,12,7,0,1,0,0,3,FALSE,FALSE,FALSE,7,0,0,7,0,0,0,35,0,0,0,6,41,0%,0%,0%,100%,48,1,0,0,FALSE,FALSE,FALSE,33%,0,FALSE,FALSE,FALSE,58%,0,1,1,7,2,3,12
4181,39,0,0,0,0,0,0,0,0,0,0,0,0,1,0,0,0,0,0,0,1,1,0,1,0,0,1,FALSE,FALSE,FALSE,0,0,0,0,0,0,0,5,0,0,0,2,7,0%,0%,0%,100%,7,0,0,0,FALSE,FALSE,FALSE,FALSE,1,FALSE,FALSE,FALSE,100%,0,1,FALSE,1,2,0,1
2181,39,0,0,0,0,0,0,0,0,0,0,0,0,1,0,0,0,0,1,1,6,4,0,0,0,0,1,FALSE,FALSE,FALSE,0,0,0,0,0,0,4,20,0,0,0,2,26,0%,0%,14%,86%,26,0,0,0,FALSE,FALSE,FALSE,FALSE,1,FALSE,FALSE,100%,67%,0,0,FALSE,5,0,0,7
5826,39,0,0,0,0,0,0,1,1,0,0,0,0,1,0,0,0,0,0,0,2,2,0,0,0,0,0,FALSE,FALSE,FALSE,7,0,0,7,0,0,0,10,0,0,0,0,10,0%,0%,0%,100%,17,0,0,1,FALSE,FALSE,FALSE,100%,0,FALSE,FALSE,FALSE,100%,0,0,1,2,0,1,2
4511,39,0,0,0,0,0,0,0,0,0,0,0,0,1,0,0,3,3,0,0,0,0,0,0,0,0,1,FALSE,FALSE,FALSE,0,0,0,0,0,9,0,0,0,0,0,2,11,0%,100%,0%,0%,11,0,0,0,FALSE,FALSE,FALSE,FALSE,0,FALSE,100%,FALSE,FALSE,0,0,FALSE,3,0,0,3
7797,39,0,0,0,0,0,0,0,0,0,0,0,0,1,0,0,0,0,5,4,0,0,1,0,0,0,1,FALSE,FALSE,FALSE,0,0,0,0,0,0,16,0,0,0,0,2,18,0%,0%,100%,0%,18,0,0,0,FALSE,FALSE,FALSE,FALSE,0,FALSE,FALSE,80%,FALSE,0,1,FALSE,4,1,0,5
1306,40,0,0,0,0,0,0,1,1,0,0,0,0,1,2,0,0,0,0,0,7,7,0,0,0,0,0,FALSE,FALSE,FALSE,7,0,0,7,0,0,0,35,0,0,0,0,35,20%,0%,0%,80%,42,0,0,1,FALSE,FALSE,FALSE,100%,0,0%,FALSE,FALSE,100%,0,0,1,7,0,1,9
3291,40,0,0,0,0,0,0,0,0,0,0,0,0,1,0,0,0,0,0,0,1,0,0,0,0,0,0,FALSE,FALSE,FALSE,0,0,0,0,0,0,0,0,0,0,0,0,0,0%,0%,0%,100%,0,0,0,1,FALSE,FALSE,FALSE,FALSE,0,FALSE,FALSE,FALSE,0%,0,0,FALSE,0,0,0,1
2654,40,0,0,0,0,0,0,0,0,0,0,0,0,1,3,2,0,0,0,0,1,1,1,0,2,0,1,FALSE,FALSE,FALSE,0,0,0,0,4,0,0,5,0,12,0,2,23,75%,0%,0%,25%,23,0,0,0,FALSE,FALSE,FALSE,FALSE,0,67%,FALSE,FALSE,100%,0,1,FALSE,3,1,0,4
8422,40,0,0,0,0,0,0,0,0,0,0,0,0,1,0,0,0,0,0,0,0,0,2,1,5,0,3,FALSE,FALSE,FALSE,0,0,0,0,0,0,0,0,0,30,0,6,36,0%,0%,0%,0%,36,1,0,0,FALSE,FALSE,FALSE,FALSE,0,FALSE,FALSE,FALSE,FALSE,0,3,FALSE,FALSE,3,0,0
2846,40,0,0,0,0,0,0,0,0,0,0,0,0,0,0,0,0,0,0,0,0,0,0,0,0,0,1,FALSE,FALSE,FALSE,0,0,0,0,0,0,0,0,0,0,0,2,2,0%,0%,0%,0%,2,0,0,0,FALSE,FALSE,FALSE,FALSE,1,FALSE,FALSE,FALSE,FALSE,0,0,FALSE,FALSE,0,0,0
4741,40,0,0,0,0,0,0,0,0,0,0,0,0,1,3,1,0,0,0,0,0,0,0,0,0,0,0,FALSE,FALSE,FALSE,0,0,0,0,2,0,0,0,0,0,0,0,2,100%,0%,0%,0%,2,0,0,0,FALSE,FALSE,FALSE,FALSE,1,33%,FALSE,FALSE,FALSE,0,0,FALSE,1,0,0,3
6421,41,0,0,0,0,0,0,0,0,0,0,0,0,1,0,0,9,7,0,0,0,0,2,0,0,0,1,FALSE,FALSE,FALSE,0,0,0,0,0,21,0,0,0,0,0,2,23,0%,100%,0%,0%,23,0,0,0,FALSE,FALSE,FALSE,FALSE,0,FALSE,78%,FALSE,FALSE,0,2,FALSE,7,1,0,9
4656,41,0,0,1,1,0,0,0,0,0,0,0,0,1,1,1,0,0,4,4,1,1,0,1,0,0,3,FALSE,4,FALSE,0,0,0,4,2,0,16,5,0,0,0,6,29,14%,14%,57%,14%,33,1,0,0,FALSE,100%,FALSE,FALSE,0,100%,FALSE,100%,100%,0,1,1,6,2,1,6
876,41,0,0,0,0,0,0,2,2,0,0,0,0,1,0,0,0,0,0,0,8,8,0,0,0,0,3,FALSE,FALSE,FALSE,14,0,0,14,0,0,0,40,0,0,0,6,46,0%,0%,0%,100%,60,1,0,0,FALSE,FALSE,FALSE,100%,0,FALSE,FALSE,FALSE,100%,0,0,2,8,0,2,8
6574,41,0,0,0,0,0,0,0,0,0,0,0,0,1,0,0,0,0,1,1,8,6,0,0,0,0,1,FALSE,FALSE,FALSE,0,0,0,0,0,0,4,30,0,0,0,2,36,0%,0%,11%,89%,36,0,0,0,FALSE,FALSE,FALSE,FALSE,0,FALSE,FALSE,100%,75%,0,0,FALSE,7,0,0,9
2823,41,0,0,0,0,0,0,0,0,0,0,0,0,0,0,0,0,0,0,0,1,0,0,0,0,0,1,FALSE,FALSE,FALSE,0,0,0,0,0,0,0,0,0,0,0,2,2,0%,0%,0%,100%,2,0,0,0,FALSE,FALSE,FALSE,FALSE,0,FALSE,FALSE,FALSE,0%,0,0,FALSE,0,0,0,1
4607,41,0,0,0,0,0,0,2,0,0,0,0,0,1,0,0,2,2,3,3,4,4,0,2,0,0,1,FALSE,FALSE,FALSE,0,0,0,0,0,6,12,20,0,0,0,2,40,0%,18%,27%,55%,40,0,0,0,FALSE,FALSE,FALSE,0%,0,FALSE,100%,100%,100%,0,2,0,9,2,2,9
8122,42,1,0,0,0,0,0,0,0,0,0,0,0,1,0,0,0,0,0,0,0,0,0,0,0,0,3,0,FALSE,FALSE,0,0,0,0,0,0,0,0,0,0,0,6,6,100%,0%,0%,0%,6,1,0,0,0%,FALSE,FALSE,FALSE,1,FALSE,FALSE,FALSE,FALSE,0,0,0,FALSE,0,1,0
6381,42,0,0,0,0,0,0,0,0,0,0,0,0,1,0,0,0,0,0,0,3,1,1,0,0,0,1,FALSE,FALSE,FALSE,0,0,0,0,0,0,0,5,0,0,0,2,7,0%,0%,0%,100%,7,0,0,0,FALSE,FALSE,FALSE,FALSE,0,FALSE,FALSE,FALSE,33%,0,1,FALSE,1,1,0,3
6709,42,0,0,0,0,0,0,1,0,0,1,0,0,1,0,0,0,0,0,0,7,7,0,0,0,0,1,FALSE,FALSE,FALSE,0,0,0,0,0,0,0,35,0,0,0,2,37,0%,0%,0%,100%,37,0,0,0,FALSE,FALSE,FALSE,0%,0,FALSE,FALSE,FALSE,100%,1,0,0,7,0,1,7
5903,42,2,0,0,0,0,0,0,0,0,0,0,0,1,0,0,0,0,0,0,5,4,0,0,0,0,0,0,FALSE,FALSE,0,0,0,0,0,0,0,20,0,0,0,0,20,29%,0%,0%,71%,20,0,0,0,0%,FALSE,FALSE,FALSE,0,FALSE,FALSE,FALSE,80%,0,0,0,4,0,2,5
7235,42,0,0,0,0,0,0,0,0,0,0,0,0,0,0,0,0,0,0,0,0,0,0,0,3,0,3,FALSE,FALSE,FALSE,0,0,0,0,0,0,0,0,0,18,0,6,24,0%,0%,0%,0%,24,1,0,0,FALSE,FALSE,FALSE,FALSE,0,FALSE,FALSE,FALSE,FALSE,0,0,FALSE,FALSE,0,0,0
5653,42,0,0,0,0,0,0,1,1,0,0,0,0,1,0,0,0,0,0,0,6,5,0,0,0,0,1,FALSE,FALSE,FALSE,7,0,0,7,0,0,0,25,0,0,0,2,27,0%,0%,0%,100%,34,0,0,0,FALSE,FALSE,FALSE,100%,0,FALSE,FALSE,FALSE,83%,0,0,1,5,0,1,6
3294,43,1,0,0,0,0,0,0,0,0,0,0,0,1,0,0,0,0,0,0,4,3,0,1,0,0,3,0,FALSE,FALSE,0,0,0,0,0,0,0,15,0,0,0,6,21,20%,0%,0%,80%,21,1,0,0,0%,FALSE,FALSE,FALSE,0,FALSE,FALSE,FALSE,75%,0,1,0,3,2,1,4
8836,43,0,0,0,0,0,0,0,0,0,0,0,0,1,0,0,0,0,0,0,0,0,0,0,0,0,1,FALSE,FALSE,FALSE,0,0,0,0,0,0,0,0,0,0,0,2,2,0%,0%,0%,0%,2,0,0,0,FALSE,FALSE,FALSE,FALSE,1,FALSE,FALSE,FALSE,FALSE,0,0,FALSE,FALSE,0,0,0
7038,43,0,0,0,0,0,0,0,0,0,0,0,0,1,1,0,0,0,0,0,0,0,0,0,0,0,1,FALSE,FALSE,FALSE,0,0,0,0,0,0,0,0,0,0,0,2,2,100%,0%,0%,0%,2,0,0,1,FALSE,FALSE,FALSE,FALSE,0,0%,FALSE,FALSE,FALSE,0,0,FALSE,0,0,0,1
2861,43,0,0,0,0,0,0,0,0,0,0,0,0,0,1,1,2,2,0,0,3,2,1,2,1,0,3,FALSE,FALSE,FALSE,0,0,0,0,2,6,0,10,0,6,0,6,30,17%,33%,0%,50%,30,1,0,0,FALSE,FALSE,FALSE,FALSE,0,100%,100%,FALSE,67%,0,3,FALSE,5,3,0,6
6147,43,0,0,0,0,0,0,1,1,0,0,0,0,1,0,0,2,0,6,5,3,3,0,0,0,0,3,FALSE,FALSE,FALSE,7,0,0,7,0,0,20,15,0,0,0,6,41,0%,17%,50%,33%,48,1,0,0,FALSE,FALSE,FALSE,100%,0,FALSE,0%,83%,100%,0,0,1,8,0,1,11
4693,43,0,0,0,0,0,0,0,0,0,0,0,0,1,0,0,0,0,0,0,0,0,0,0,3,0,1,FALSE,FALSE,FALSE,0,0,0,0,0,0,0,0,0,18,0,2,20,0%,0%,0%,0%,20,0,0,0,FALSE,FALSE,FALSE,FALSE,0,FALSE,FALSE,FALSE,FALSE,0,0,FALSE,FALSE,0,0,0
1714,44,0,0,0,0,0,0,1,1,0,0,0,0,1,0,0,3,3,2,2,7,5,0,0,0,0,0,FALSE,FALSE,FALSE,7,0,0,7,0,9,8,25,0,0,0,0,42,0%,23%,15%,62%,49,0,0,0,FALSE,FALSE,FALSE,100%,0,FALSE,100%,100%,71%,0,0,1,10,0,1,12
7864,44,0,0,0,0,0,0,0,0,0,0,0,0,1,2,1,0,0,0,0,3,2,0,0,0,0,1,FALSE,FALSE,FALSE,0,0,0,0,2,0,0,10,0,0,0,2,14,40%,0%,0%,60%,14,0,0,0,FALSE,FALSE,FALSE,FALSE,0,50%,FALSE,FALSE,67%,0,0,FALSE,3,0,0,5
3277,44,0,0,0,0,0,0,0,0,0,0,0,0,1,0,0,3,3,2,2,0,0,1,1,0,0,1,FALSE,FALSE,FALSE,0,0,0,0,0,9,8,0,0,0,0,2,19,0%,60%,40%,0%,19,0,0,0,FALSE,FALSE,FALSE,FALSE,0,FALSE,100%,100%,FALSE,0,2,FALSE,5,3,0,5
2526,44,0,0,0,0,0,0,0,0,0,0,0,0,1,0,0,0,0,0,0,0,0,2,3,2,5,1,FALSE,FALSE,FALSE,0,0,0,0,0,0,0,0,20,12,0,2,34,0%,0%,0%,0%,34,0,0,0,FALSE,FALSE,FALSE,FALSE,0,FALSE,FALSE,FALSE,FALSE,0,5,FALSE,FALSE,3,0,0
9578,44,0,0,0,0,0,0,0,0,0,0,0,0,1,0,0,0,0,0,0,0,0,1,1,3,0,1,FALSE,FALSE,FALSE,0,0,0,0,0,0,0,0,0,18,0,2,20,0%,0%,0%,0%,20,0,0,0,FALSE,FALSE,FALSE,FALSE,0,FALSE,FALSE,FALSE,FALSE,0,2,FALSE,FALSE,3,0,0
2143,44,1,0,0,0,0,0,0,0,0,0,0,0,1,0,0,0,0,0,0,2,2,0,0,0,0,0,0,FALSE,FALSE,0,0,0,0,0,0,0,10,0,0,0,0,10,33%,0%,0%,67%,10,0,0,0,0%,FALSE,FALSE,FALSE,1,FALSE,FALSE,FALSE,100%,0,0,0,2,0,1,2
7619,45,0,0,0,0,0,0,0,0,0,0,0,0,1,0,0,0,0,0,0,1,0,1,3,0,0,1,FALSE,FALSE,FALSE,0,0,0,0,0,0,0,0,0,0,0,2,2,0%,0%,0%,100%,2,0,0,0,FALSE,FALSE,FALSE,FALSE,0,FALSE,FALSE,FALSE,0%,0,4,FALSE,0,3,0,1
4674,45,1,1,0,0,0,0,0,0,0,0,0,0,1,14,11,0,0,0,0,0,0,0,0,0,0,3,3,FALSE,FALSE,0,0,0,3,22,0,0,0,0,0,0,6,28,100%,0%,0%,0%,31,1,0,0,100%,FALSE,FALSE,FALSE,0,79%,FALSE,FALSE,FALSE,0,0,1,11,0,1,14
5586,45,0,0,0,0,0,0,0,0,0,0,0,0,1,0,0,0,0,0,0,0,0,0,0,0,0,0,FALSE,FALSE,FALSE,0,0,0,0,0,0,0,0,0,0,0,0,0,0%,0%,0%,0%,0,0,0,0,FALSE,FALSE,FALSE,FALSE,1,FALSE,FALSE,FALSE,FALSE,0,0,FALSE,FALSE,0,0,0
9532,45,1,0,0,0,0,0,0,0,0,0,0,0,1,11,8,0,0,0,0,0,0,0,0,0,0,1,0,FALSE,FALSE,0,0,0,0,16,0,0,0,0,0,0,2,18,100%,0%,0%,0%,18,0,0,0,0%,FALSE,FALSE,FALSE,0,73%,FALSE,FALSE,FALSE,0,0,0,8,0,1,11
1619,45,0,0,0,0,0,0,3,0,0,0,0,0,1,1,1,0,0,0,0,10,7,0,1,0,0,3,FALSE,FALSE,FALSE,0,0,0,0,2,0,0,35,0,0,0,6,43,7%,0%,0%,93%,43,1,0,0,FALSE,FALSE,FALSE,0%,0,100%,FALSE,FALSE,70%,0,1,0,8,2,3,11
3381,45,0,0,0,0,0,0,0,0,0,0,0,0,1,0,0,0,0,0,0,0,0,1,2,1,0,1,FALSE,FALSE,FALSE,0,0,0,0,0,0,0,0,0,6,0,2,8,0%,0%,0%,0%,8,0,0,0,FALSE,FALSE,FALSE,FALSE,0,FALSE,FALSE,FALSE,FALSE,0,3,FALSE,FALSE,3,0,0
3267,46,0,0,0,0,0,0,0,0,0,0,0,0,1,0,0,0,0,3,2,5,4,0,0,0,0,1,FALSE,FALSE,FALSE,0,0,0,0,0,0,8,20,0,0,0,2,30,0%,0%,38%,63%,30,0,0,0,FALSE,FALSE,FALSE,FALSE,0,FALSE,FALSE,67%,80%,0,0,FALSE,6,0,0,8
6217,46,0,0,0,0,0,0,0,0,0,0,0,0,1,0,0,0,0,0,0,0,0,0,0,0,0,1,FALSE,FALSE,FALSE,0,0,0,0,0,0,0,0,0,0,0,2,2,0%,0%,0%,0%,2,0,0,0,FALSE,FALSE,FALSE,FALSE,1,FALSE,FALSE,FALSE,FALSE,0,0,FALSE,FALSE,0,0,0
7797,46,0,0,0,0,0,0,0,0,0,0,0,0,1,0,0,0,0,3,2,0,0,1,1,0,0,1,FALSE,FALSE,FALSE,0,0,0,0,0,0,8,0,0,0,0,2,10,0%,0%,100%,0%,10,0,0,0,FALSE,FALSE,FALSE,FALSE,0,FALSE,FALSE,67%,FALSE,0,2,FALSE,2,3,0,3
4181,46,0,0,1,1,0,0,0,0,0,0,0,0,1,0,0,0,0,1,1,3,1,1,0,0,0,0,FALSE,4,FALSE,0,0,0,4,0,0,4,5,0,0,0,0,9,0%,20%,20%,60%,13,0,0,0,FALSE,100%,FALSE,FALSE,0,FALSE,FALSE,100%,33%,0,1,1,2,1,1,4
3291,46,0,0,0,0,0,0,0,0,0,0,0,0,1,0,0,0,0,1,1,0,0,2,2,4,0,1,FALSE,FALSE,FALSE,0,0,0,0,0,0,4,0,0,24,0,2,30,0%,0%,100%,0%,30,0,0,0,FALSE,FALSE,FALSE,FALSE,0,FALSE,FALSE,100%,FALSE,0,4,FALSE,1,3,0,1
1306,46,0,0,0,0,0,0,1,1,0,0,0,0,1,0,0,0,0,0,0,7,7,0,0,0,0,1,FALSE,FALSE,FALSE,7,0,0,7,0,0,0,35,0,0,0,2,37,0%,0%,0%,100%,44,0,0,0,FALSE,FALSE,FALSE,100%,0,FALSE,FALSE,FALSE,100%,0,0,1,7,0,1,7
1732,47,0,0,0,0,0,0,1,0,0,0,0,0,1,2,2,0,0,1,1,7,5,0,2,0,0,1,FALSE,FALSE,FALSE,0,0,0,0,4,0,4,25,0,0,0,2,35,18%,0%,9%,73%,35,0,0,0,FALSE,FALSE,FALSE,0%,0,100%,FALSE,100%,71%,0,2,0,8,2,1,10
2181,47,0,0,0,0,0,0,0,0,0,0,0,0,1,0,0,1,1,1,1,6,3,0,0,0,0,3,FALSE,FALSE,FALSE,0,0,0,0,0,3,4,15,0,0,0,6,28,0%,13%,13%,75%,28,1,0,0,FALSE,FALSE,FALSE,FALSE,0,FALSE,100%,100%,50%,0,0,FALSE,5,0,0,8
3206,47,0,0,0,0,0,0,0,0,0,0,0,0,1,2,2,0,0,1,0,0,0,0,0,3,0,1,FALSE,FALSE,FALSE,0,0,0,0,4,0,0,0,0,18,0,2,24,67%,0%,33%,0%,24,0,0,0,FALSE,FALSE,FALSE,FALSE,0,100%,FALSE,0%,FALSE,0,0,FALSE,2,0,0,3
6421,47,0,0,1,0,0,0,0,0,0,0,0,0,1,3,2,1,0,0,0,0,0,1,0,0,0,1,FALSE,0,FALSE,0,0,0,0,4,0,0,0,0,0,0,2,6,60%,40%,0%,0%,6,0,0,0,FALSE,0%,FALSE,FALSE,1,67%,0%,FALSE,FALSE,0,1,0,2,1,1,4
2654,47,1,1,0,0,0,0,0,0,0,0,0,0,1,0,0,0,0,0,0,5,5,0,0,2,0,1,3,FALSE,FALSE,0,0,0,3,0,0,0,25,0,12,0,2,39,17%,0%,0%,83%,42,0,0,0,100%,FALSE,FALSE,FALSE,0,FALSE,FALSE,FALSE,100%,0,0,1,5,0,1,5
10490,47,0,0,0,0,0,0,0,0,0,0,0,0,0,3,2,0,0,0,0,2,2,0,0,0,4,1,FALSE,FALSE,FALSE,0,0,0,0,4,0,0,10,16,0,0,2,32,60%,0%,0%,40%,32,0,0,0,FALSE,FALSE,FALSE,FALSE,0,67%,FALSE,FALSE,100%,0,0,FALSE,4,0,0,5
8516,48,1,1,0,0,0,0,0,0,0,0,0,0,1,0,0,0,0,1,1,0,0,1,0,0,0,0,3,FALSE,FALSE,0,0,0,3,0,0,4,0,0,0,0,0,4,50%,0%,50%,0%,7,0,0,1,100%,FALSE,FALSE,FALSE,1,FALSE,FALSE,100%,FALSE,0,1,1,1,1,1,1
4656,48,1,0,0,0,0,0,0,0,0,0,0,0,1,0,0,1,1,2,3,0,0,0,1,0,0,3,0,FALSE,FALSE,0,0,0,0,0,3,12,0,0,0,0,6,21,25%,25%,50%,0%,21,1,0,0,0%,FALSE,FALSE,FALSE,0,FALSE,100%,150%,FALSE,0,1,0,4,2,1,3
5903,48,1,1,0,0,0,0,0,0,0,0,0,0,1,0,0,0,0,0,0,2,2,0,0,0,0,3,3,FALSE,FALSE,0,0,0,3,0,0,0,10,0,0,0,6,16,33%,0%,0%,67%,19,1,0,0,100%,FALSE,FALSE,FALSE,0,FALSE,FALSE,FALSE,100%,0,0,1,2,0,1,2
7235,48,0,0,0,0,0,0,0,0,0,0,0,0,1,0,0,0,0,0,0,0,0,0,0,1,0,1,FALSE,FALSE,FALSE,0,0,0,0,0,0,0,0,0,6,0,2,8,0%,0%,0%,0%,8,0,0,0,FALSE,FALSE,FALSE,FALSE,0,FALSE,FALSE,FALSE,FALSE,0,0,FALSE,FALSE,0,0,0
2846,48,0,0,0,0,0,0,0,0,0,0,0,0,1,1,1,0,0,0,0,1,0,0,0,0,0,1,FALSE,FALSE,FALSE,0,0,0,0,2,0,0,0,0,0,0,2,4,50%,0%,0%,50%,4,0,0,0,FALSE,FALSE,FALSE,FALSE,1,100%,FALSE,FALSE,0%,0,0,FALSE,1,0,0,2
3293,48,1,1,0,0,0,0,0,0,0,0,0,0,1,0,0,0,0,0,0,7,6,0,0,0,0,0,3,FALSE,FALSE,0,0,0,3,0,0,0,30,0,0,0,0,30,13%,0%,0%,88%,33,0,0,0,100%,FALSE,FALSE,FALSE,0,FALSE,FALSE,FALSE,86%,0,0,1,6,0,1,7
6574,49,0,0,0,0,0,0,0,0,0,0,0,0,1,0,0,0,0,1,1,9,7,0,0,0,0,1,FALSE,FALSE,FALSE,0,0,0,0,0,0,4,35,0,0,0,2,41,0%,0%,10%,90%,41,0,0,0,FALSE,FALSE,FALSE,FALSE,0,FALSE,FALSE,100%,78%,0,0,FALSE,8,0,0,10
7038,49,0,0,0,0,0,0,0,0,0,0,0,0,1,0,0,0,0,0,0,0,0,0,0,0,0,1,FALSE,FALSE,FALSE,0,0,0,0,0,0,0,0,0,0,0,2,2,0%,0%,0%,0%,2,0,0,0,FALSE,FALSE,FALSE,FALSE,0,FALSE,FALSE,FALSE,FALSE,0,0,FALSE,FALSE,0,0,0
4607,49,0,0,0,0,0,0,1,1,0,0,0,0,1,0,0,0,0,3,3,4,4,0,0,0,0,3,FALSE,FALSE,FALSE,7,0,0,7,0,0,12,20,0,0,0,6,38,0%,0%,38%,63%,45,1,0,0,FALSE,FALSE,FALSE,100%,0,FALSE,FALSE,100%,100%,0,0,1,7,0,1,7
4741,49,0,0,0,0,0,0,0,0,0,0,0,0,1,0,0,0,0,0,0,7,5,0,0,0,0,1,FALSE,FALSE,FALSE,0,0,0,0,0,0,0,25,0,0,0,2,27,0%,0%,0%,100%,27,0,0,0,FALSE,FALSE,FALSE,FALSE,0,FALSE,FALSE,FALSE,71%,0,0,FALSE,5,0,0,7
6381,49,0,0,0,0,0,0,0,0,0,0,0,0,1,0,0,0,0,0,0,3,3,1,2,0,0,0,FALSE,FALSE,FALSE,0,0,0,0,0,0,0,15,0,0,0,0,15,0%,0%,0%,100%,15,0,0,0,FALSE,FALSE,FALSE,FALSE,0,FALSE,FALSE,FALSE,100%,0,3,FALSE,3,3,0,3
8122,49,0,0,0,0,0,0,0,0,0,0,0,0,1,0,0,2,2,2,2,1,0,0,0,0,0,3,FALSE,FALSE,FALSE,0,0,0,0,0,6,8,0,0,0,0,6,20,0%,40%,40%,20%,20,1,0,0,FALSE,FALSE,FALSE,FALSE,0,FALSE,100%,100%,0%,0,0,FALSE,4,0,0,5
6709,50,0,0,0,0,0,0,1,1,0,0,0,0,1,0,0,0,0,0,0,8,7,0,0,0,0,1,FALSE,FALSE,FALSE,7,0,0,7,0,0,0,35,0,0,0,2,37,0%,0%,0%,100%,44,0,0,0,FALSE,FALSE,FALSE,100%,0,FALSE,FALSE,FALSE,88%,0,0,1,7,0,1,8
8836,50,0,0,0,0,0,0,0,0,0,0,0,0,1,0,0,0,0,0,0,0,0,0,0,0,0,1,FALSE,FALSE,FALSE,0,0,0,0,0,0,0,0,0,0,0,2,2,0%,0%,0%,0%,2,0,0,0,FALSE,FALSE,FALSE,FALSE,1,FALSE,FALSE,FALSE,FALSE,0,0,FALSE,FALSE,0,0,0
3197,50,0,0,0,0,0,0,2,1,0,0,0,0,1,3,1,2,2,2,2,3,2,2,1,0,0,0,FALSE,FALSE,FALSE,7,0,0,7,2,6,8,10,0,0,0,0,26,25%,17%,17%,42%,33,0,0,0,FALSE,FALSE,FALSE,50%,0,33%,100%,100%,67%,0,3,1,7,3,2,10
3277,50,0,0,0,0,0,0,0,0,0,0,0,0,1,0,0,0,0,0,0,1,0,0,0,0,0,0,FALSE,FALSE,FALSE,0,0,0,0,0,0,0,0,0,0,0,0,0,0%,0%,0%,100%,0,0,0,1,FALSE,FALSE,FALSE,FALSE,0,FALSE,FALSE,FALSE,0%,0,0,FALSE,0,0,0,1
1714,50,0,0,0,0,0,0,0,0,0,0,0,0,1,3,2,0,0,3,3,2,2,0,0,0,0,0,FALSE,FALSE,FALSE,0,0,0,0,4,0,12,10,0,0,0,0,26,38%,0%,38%,25%,26,0,0,0,FALSE,FALSE,FALSE,FALSE,0,67%,FALSE,100%,100%,0,0,FALSE,7,0,0,8
4011,50,0,0,0,0,0,0,0,0,0,0,0,0,1,0,0,2,1,0,0,0,0,0,0,0,0,1,FALSE,FALSE,FALSE,0,0,0,0,0,3,0,0,0,0,0,2,5,0%,100%,0%,0%,5,0,0,0,FALSE,FALSE,FALSE,FALSE,0,FALSE,50%,FALSE,FALSE,0,0,FALSE,1,0,0,2
6318,52,0,0,0,0,0,0,0,0,0,0,0,0,1,0,0,0,0,7,5,0,0,1,0,0,0,1,FALSE,FALSE,FALSE,0,0,0,0,0,0,20,0,0,0,0,2,22,0%,0%,100%,0%,22,0,0,0,FALSE,FALSE,FALSE,FALSE,0,FALSE,FALSE,71%,FALSE,0,1,FALSE,5,1,0,7
6147,52,0,0,0,0,0,0,1,1,0,0,0,0,1,0,0,2,2,4,3,4,4,0,0,0,0,3,FALSE,FALSE,FALSE,7,0,0,7,0,6,12,20,0,0,0,6,44,0%,18%,36%,45%,51,1,0,0,FALSE,FALSE,FALSE,100%,0,FALSE,100%,75%,100%,0,0,1,9,0,1,10
1619,52,0,0,2,1,0,0,0,0,0,0,0,0,1,0,0,3,2,1,1,6,4,1,2,0,0,3,FALSE,4,FALSE,0,0,0,4,0,6,4,20,0,0,0,6,36,0%,42%,8%,50%,40,1,0,0,FALSE,50%,FALSE,FALSE,0,FALSE,67%,100%,67%,0,3,1,7,3,2,10
4693,52,0,0,0,0,0,0,0,0,0,0,0,0,1,0,0,0,0,0,0,0,0,0,0,3,0,0,FALSE,FALSE,FALSE,0,0,0,0,0,0,0,0,0,18,0,0,18,0%,0%,0%,0%,18,0,0,0,FALSE,FALSE,FALSE,FALSE,0,FALSE,FALSE,FALSE,FALSE,0,0,FALSE,FALSE,0,0,0
2847,52,0,0,0,0,0,0,1,1,0,0,0,0,1,0,0,0,0,0,0,9,9,0,1,0,0,3,FALSE,FALSE,FALSE,7,0,0,7,0,0,0,45,0,0,0,6,51,0%,0%,0%,100%,58,1,0,0,FALSE,FALSE,FALSE,100%,0,FALSE,FALSE,FALSE,100%,0,1,1,9,2,1,9
3381,52,0,0,0,0,0,0,0,0,0,0,0,0,1,0,0,0,0,0,0,0,0,0,0,0,0,0,FALSE,FALSE,FALSE,0,0,0,0,0,0,0,0,0,0,0,0,0,0%,0%,0%,0%,0,0,0,1,FALSE,FALSE,FALSE,FALSE,1,FALSE,FALSE,FALSE,FALSE,0,0,FALSE,FALSE,0,0,0
3100,53,0,0,0,0,0,0,0,0,1,1,0,1,1,0,0,0,0,0,0,0,0,0,1,0,2,0,FALSE,FALSE,FALSE,0,0,4,4,0,0,0,0,8,0,0,0,8,0%,0%,0%,0%,12,0,0,0,FALSE,FALSE,FALSE,FALSE,1,FALSE,FALSE,FALSE,FALSE,2,1,FALSE,FALSE,2,0,0
4511,53,0,0,0,0,0,0,0,0,0,0,0,0,1,0,0,2,2,1,0,0,0,0,0,0,0,1,FALSE,FALSE,FALSE,0,0,0,0,0,6,0,0,0,0,0,2,8,0%,67%,33%,0%,8,0,0,0,FALSE,FALSE,FALSE,FALSE,0,FALSE,100%,0%,FALSE,0,0,FALSE,2,0,0,3
5653,53,0,0,0,0,0,0,1,0,0,0,0,0,1,0,0,0,0,0,0,11,11,0,0,0,0,0,FALSE,FALSE,FALSE,0,0,0,0,0,0,0,55,0,0,0,0,55,0%,0%,0%,100%,55,0,0,0,FALSE,FALSE,FALSE,0%,0,FALSE,FALSE,FALSE,100%,0,0,0,11,0,1,11
9578,53,0,0,0,0,0,0,0,0,0,0,0,0,1,0,0,0,0,0,0,0,0,2,0,2,0,1,FALSE,FALSE,FALSE,0,0,0,0,0,0,0,0,0,12,0,2,14,0%,0%,0%,0%,14,0,0,0,FALSE,FALSE,FALSE,FALSE,0,FALSE,FALSE,FALSE,FALSE,0,2,FALSE,FALSE,1,0,0
4674,53,1,1,0,0,0,0,0,0,0,0,0,0,1,11,9,0,0,0,0,0,0,0,0,0,0,3,3,FALSE,FALSE,0,0,0,3,18,0,0,0,0,0,0,6,24,100%,0%,0%,0%,27,1,0,0,100%,FALSE,FALSE,FALSE,0,82%,FALSE,FALSE,FALSE,0,0,1,9,0,1,11
3294,53,0,0,0,0,0,0,0,0,0,0,0,0,1,0,0,0,0,0,0,4,2,0,0,0,0,1,FALSE,FALSE,FALSE,0,0,0,0,0,0,0,10,0,0,0,2,12,0%,0%,0%,100%,12,0,0,0,FALSE,FALSE,FALSE,FALSE,0,FALSE,FALSE,FALSE,50%,0,0,FALSE,2,0,0,4
2861,54,0,0,0,0,0,0,1,1,1,0,0,0,1,0,0,0,0,0,0,6,4,0,0,0,0,3,FALSE,FALSE,FALSE,7,0,0,7,0,0,0,20,0,0,0,6,26,0%,0%,0%,100%,33,1,0,0,FALSE,FALSE,FALSE,100%,0,FALSE,FALSE,FALSE,67%,1,0,1,4,0,1,6
7619,54,0,0,0,0,0,0,0,0,0,0,0,0,1,0,0,0,0,0,0,1,1,0,3,0,0,1,FALSE,FALSE,FALSE,0,0,0,0,0,0,0,5,0,0,0,2,7,0%,0%,0%,100%,7,0,0,0,FALSE,FALSE,FALSE,FALSE,0,FALSE,FALSE,FALSE,100%,0,3,FALSE,1,2,0,1
2823,54,0,0,0,0,0,0,0,0,0,0,0,0,1,0,0,5,5,2,1,2,2,0,0,0,0,1,FALSE,FALSE,FALSE,0,0,0,0,0,15,4,10,0,0,0,2,31,0%,56%,22%,22%,31,0,0,0,FALSE,FALSE,FALSE,FALSE,0,FALSE,100%,50%,100%,0,0,FALSE,8,0,0,9
7028,54,0,0,0,0,0,0,3,3,0,0,0,0,1,0,0,0,0,2,2,10,6,1,1,0,0,3,FALSE,FALSE,FALSE,21,0,0,21,0,0,8,30,0,0,0,6,44,0%,0%,13%,87%,65,1,0,0,FALSE,FALSE,FALSE,100%,0,FALSE,FALSE,100%,60%,0,2,3,8,3,3,12
7864,54,0,0,0,0,0,0,0,0,0,0,0,0,1,0,0,0,0,0,0,0,0,0,1,0,0,0,FALSE,FALSE,FALSE,0,0,0,0,0,0,0,0,0,0,0,0,0,0%,0%,0%,0%,0,0,0,1,FALSE,FALSE,FALSE,FALSE,0,FALSE,FALSE,FALSE,FALSE,0,1,FALSE,FALSE,2,0,0
5586,54,0,0,0,0,0,0,0,0,0,0,0,0,1,0,0,0,0,0,0,0,0,0,0,0,0,1,FALSE,FALSE,FALSE,0,0,0,0,0,0,0,0,0,0,0,2,2,0%,0%,0%,0%,2,0,0,0,FALSE,FALSE,FALSE,FALSE,1,FALSE,FALSE,FALSE,FALSE,0,0,FALSE,FALSE,0,0,0
6217,55,0,0,0,0,0,0,0,0,0,0,0,0,1,0,0,2,2,1,1,1,0,0,0,0,0,1,FALSE,FALSE,FALSE,0,0,0,0,0,6,4,0,0,0,0,2,12,0%,50%,25%,25%,12,0,0,0,FALSE,FALSE,FALSE,FALSE,1,FALSE,100%,100%,0%,0,0,FALSE,3,0,0,4
6381,55,0,0,0,0,0,0,0,0,0,0,0,0,1,0,0,0,0,0,0,2,2,1,2,0,0,1,FALSE,FALSE,FALSE,0,0,0,0,0,0,0,10,0,0,0,2,12,0%,0%,0%,100%,12,0,0,0,FALSE,FALSE,FALSE,FALSE,0,FALSE,FALSE,FALSE,100%,0,3,FALSE,2,3,0,2
5903,55,0,0,0,0,0,0,0,0,0,0,0,0,1,0,0,0,0,0,0,8,7,0,0,0,0,3,FALSE,FALSE,FALSE,0,0,0,0,0,0,0,35,0,0,0,6,41,0%,0%,0%,100%,41,1,0,0,FALSE,FALSE,FALSE,FALSE,0,FALSE,FALSE,FALSE,88%,0,0,FALSE,7,0,0,8
7797,55,1,0,0,0,0,0,0,0,0,0,0,0,1,0,0,0,0,3,2,0,0,1,1,0,0,3,0,FALSE,FALSE,0,0,0,0,0,0,8,0,0,0,0,6,14,25%,0%,75%,0%,14,1,0,0,0%,FALSE,FALSE,FALSE,0,FALSE,FALSE,67%,FALSE,0,2,0,2,3,1,3
8516,55,1,0,0,0,0,0,0,0,0,0,0,0,1,1,0,0,0,5,5,0,0,0,1,0,0,0,0,FALSE,FALSE,0,0,0,0,0,0,20,0,0,0,0,0,20,29%,0%,71%,0%,20,0,0,0,0%,FALSE,FALSE,FALSE,0,0%,FALSE,100%,FALSE,0,1,0,5,2,1,6
6421,55,0,0,1,1,0,0,0,0,0,0,0,0,1,0,0,1,0,5,2,0,0,0,0,0,0,1,FALSE,4,FALSE,0,0,0,4,0,0,8,0,0,0,0,2,10,0%,29%,71%,0%,14,0,0,0,FALSE,100%,FALSE,FALSE,0,FALSE,0%,40%,FALSE,0,0,1,2,0,1,6
3293,56,1,1,0,0,0,0,0,0,0,0,0,0,1,0,0,0,0,0,0,6,5,0,0,0,0,3,3,FALSE,FALSE,0,0,0,3,0,0,0,25,0,0,0,6,31,14%,0%,0%,86%,34,1,0,0,100%,FALSE,FALSE,FALSE,0,FALSE,FALSE,FALSE,83%,0,0,1,5,0,1,6
4656,56,0,0,1,1,0,0,0,0,0,0,0,0,1,0,0,1,1,2,2,0,0,0,1,0,0,0,FALSE,4,FALSE,0,0,0,4,0,3,8,0,0,0,0,0,11,0%,50%,50%,0%,15,0,0,0,FALSE,100%,FALSE,FALSE,0,FALSE,100%,100%,FALSE,0,1,1,3,2,1,3
6709,56,0,0,0,0,0,0,1,1,0,0,0,0,1,0,0,2,1,0,0,4,3,1,0,0,0,0,FALSE,FALSE,FALSE,7,0,0,7,0,3,0,15,0,0,0,0,18,0%,29%,0%,71%,25,0,0,0,FALSE,FALSE,FALSE,100%,0,FALSE,50%,FALSE,75%,0,1,1,4,1,1,6
1732,56,0,0,0,0,0,0,3,3,0,0,0,0,1,0,0,6,2,2,2,1,1,1,3,4,0,1,FALSE,FALSE,FALSE,21,0,0,21,0,6,8,5,0,24,0,2,45,0%,50%,17%,33%,66,0,0,0,FALSE,FALSE,FALSE,100%,0,FALSE,33%,100%,100%,0,4,3,5,3,3,9
3291,56,0,0,0,0,0,0,0,0,0,0,0,0,1,0,0,0,0,0,0,0,0,0,0,0,0,0,FALSE,FALSE,FALSE,0,0,0,0,0,0,0,0,0,0,0,0,0,0%,0%,0%,0%,0,0,0,1,FALSE,FALSE,FALSE,FALSE,0,FALSE,FALSE,FALSE,FALSE,0,0,FALSE,FALSE,0,0,0
4741,56,0,0,0,0,0,0,0,0,0,0,0,0,1,0,0,3,3,2,2,1,1,0,0,0,0,1,FALSE,FALSE,FALSE,0,0,0,0,0,9,8,5,0,0,0,2,24,0%,50%,33%,17%,24,0,0,0,FALSE,FALSE,FALSE,FALSE,0,FALSE,100%,100%,100%,0,0,FALSE,6,0,0,6
3267,57,0,0,0,0,0,0,0,0,0,0,0,0,1,0,0,1,0,3,2,4,4,1,1,0,0,1,FALSE,FALSE,FALSE,0,0,0,0,0,0,8,20,0,0,0,2,30,0%,13%,38%,50%,30,0,0,0,FALSE,FALSE,FALSE,FALSE,0,FALSE,0%,67%,100%,0,2,FALSE,6,3,0,8
5826,57,0,0,0,0,0,0,1,1,0,0,0,0,1,0,0,0,0,0,0,3,2,0,0,0,0,0,FALSE,FALSE,FALSE,7,0,0,7,0,0,0,10,0,0,0,0,10,0%,0%,0%,100%,17,0,0,0,FALSE,FALSE,FALSE,100%,0,FALSE,FALSE,FALSE,67%,0,0,1,2,0,1,3
10490,57,0,0,0,0,0,0,0,0,0,0,0,0,1,1,0,0,0,2,1,0,0,0,0,0,0,0,FALSE,FALSE,FALSE,0,0,0,0,0,0,4,0,0,0,0,0,4,33%,0%,67%,0%,4,0,0,0,FALSE,FALSE,FALSE,FALSE,0,0%,FALSE,50%,FALSE,0,0,FALSE,1,0,0,3
8836,57,0,0,0,0,0,0,0,0,0,0,0,0,1,0,0,0,0,0,0,0,0,0,0,0,0,1,FALSE,FALSE,FALSE,0,0,0,0,0,0,0,0,0,0,0,2,2,0%,0%,0%,0%,2,0,0,0,FALSE,FALSE,FALSE,FALSE,1,FALSE,FALSE,FALSE,FALSE,0,0,FALSE,FALSE,0,0,0
6574,57,0,0,0,0,0,0,0,0,0,0,0,0,1,0,0,0,0,2,1,3,2,0,0,0,0,1,FALSE,FALSE,FALSE,0,0,0,0,0,0,4,10,0,0,0,2,16,0%,0%,40%,60%,16,0,0,0,FALSE,FALSE,FALSE,FALSE,0,FALSE,FALSE,50%,67%,0,0,FALSE,3,0,0,5
7235,57,0,0,0,0,0,0,0,0,0,0,0,0,1,0,0,0,0,0,0,0,0,0,0,2,0,1,FALSE,FALSE,FALSE,0,0,0,0,0,0,0,0,0,12,0,2,14,0%,0%,0%,0%,14,0,0,0,FALSE,FALSE,FALSE,FALSE,0,FALSE,FALSE,FALSE,FALSE,0,0,FALSE,FALSE,0,0,0
6147,58,0,0,0,0,0,0,2,1,0,0,0,0,1,0,0,2,1,3,3,7,7,0,0,0,0,3,FALSE,FALSE,FALSE,7,0,0,7,0,3,12,35,0,0,0,6,56,0%,14%,21%,64%,63,1,0,0,FALSE,FALSE,FALSE,50%,0,FALSE,50%,100%,100%,0,0,1,11,0,2,12
2526,58,0,0,0,0,0,0,0,0,0,0,0,0,1,0,0,0,0,0,0,0,0,1,1,2,3,0,FALSE,FALSE,FALSE,0,0,0,0,0,0,0,0,12,12,0,0,24,0%,0%,0%,0%,24,0,0,0,FALSE,FALSE,FALSE,FALSE,0,FALSE,FALSE,FALSE,FALSE,0,2,FALSE,FALSE,3,0,0
9532,58,0,0,0,0,0,0,0,0,0,0,0,0,1,10,7,0,0,0,0,0,0,0,0,0,0,1,FALSE,FALSE,FALSE,0,0,0,0,14,0,0,0,0,0,0,2,16,100%,0%,0%,0%,16,0,0,0,FALSE,FALSE,FALSE,FALSE,0,70%,FALSE,FALSE,FALSE,0,0,FALSE,7,0,0,10
3206,58,0,0,0,0,0,0,0,0,0,0,0,0,1,0,0,2,0,0,0,0,0,0,0,3,0,1,FALSE,FALSE,FALSE,0,0,0,0,0,0,0,0,0,18,0,2,20,0%,100%,0%,0%,20,0,0,0,FALSE,FALSE,FALSE,FALSE,0,FALSE,0%,FALSE,FALSE,0,0,FALSE,0,0,0,2
2847,58,0,0,0,0,0,0,2,2,0,0,0,0,1,0,0,3,3,3,2,2,1,0,0,0,0,1,FALSE,FALSE,FALSE,14,0,0,14,0,9,8,5,0,0,0,2,24,0%,30%,30%,40%,38,0,0,0,FALSE,FALSE,FALSE,100%,0,FALSE,100%,67%,50%,0,0,2,6,0,2,8
1306,58,0,0,0,0,0,0,1,1,0,0,0,0,1,0,0,0,0,0,0,7,6,0,0,0,0,1,FALSE,FALSE,FALSE,7,0,0,7,0,0,0,30,0,0,0,2,32,0%,0%,0%,100%,39,0,0,0,FALSE,FALSE,FALSE,100%,0,FALSE,FALSE,FALSE,86%,0,0,1,6,0,1,7
3277,59,0,0,0,0,0,0,0,0,0,0,0,0,1,0,0,0,0,0,0,1,1,0,0,0,0,0,FALSE,FALSE,FALSE,0,0,0,0,0,0,0,5,0,0,0,0,5,0%,0%,0%,100%,5,0,0,0,FALSE,FALSE,FALSE,FALSE,1,FALSE,FALSE,FALSE,100%,0,0,FALSE,1,0,0,1
2654,59,0,0,0,0,0,0,0,0,0,0,0,0,1,0,0,1,0,0,0,5,4,0,0,0,0,1,FALSE,FALSE,FALSE,0,0,0,0,0,0,0,20,0,0,0,2,22,0%,17%,0%,83%,22,0,0,0,FALSE,FALSE,FALSE,FALSE,0,FALSE,0%,FALSE,80%,0,0,FALSE,4,0,0,6
876,59,0,0,0,0,0,0,2,1,0,0,0,0,0,0,0,0,0,0,0,7,7,0,0,0,0,1,FALSE,FALSE,FALSE,7,0,0,7,0,0,0,35,0,0,0,2,37,0%,0%,0%,100%,44,0,0,0,FALSE,FALSE,FALSE,50%,0,FALSE,FALSE,FALSE,100%,0,0,1,7,0,2,7
4674,59,1,0,0,0,0,0,0,0,0,0,0,0,1,10,8,0,0,0,0,0,0,0,0,0,0,3,0,FALSE,FALSE,0,0,0,0,16,0,0,0,0,0,0,6,22,100%,0%,0%,0%,22,1,0,0,0%,FALSE,FALSE,FALSE,0,80%,FALSE,FALSE,FALSE,0,0,0,8,0,1,10
